id,input,output,d0,d1,d2,d3,d4,d5,d6,d7,d8,d9,d10,d11,d12,d13,d14,d15,d16,d17,d18,d19,d20,d21,d22,d23,d24,d25,d26,d27,d28,d29,d30,d31
0,2,4,0.37454,0.796543,0.950714,0.183435,0.731994,0.779691,0.598659,0.59685,0.156019,0.445833,0.155995,0.0999749,0.0580836,0.459249,0.866176,0.333709,0.601115,0.142867,0.708073,0.650889,0.0205845,0.0564116,0.96991,0.721999,0.832443,0.938553,0.212339,0.000778765,0.181825,0.992212,0.183405,0.617482
1,5,5,0.524756,0.00706631,0.431945,0.0230624,0.291229,0.524775,0.611853,0.399861,0.139494,0.0466657,0.292145,0.973756,0.366362,0.232771,0.45607,0.0906064,0.785176,0.618386,0.199674,0.382462,0.514234,0.983231,0.592415,0.466763,0.0464504,0.85994,0.607545,0.680308,0.170524,0.450499,0.0650516,0.013265
2,5,5,0.965632,0.563288,0.808397,0.385417,0.304614,0.0159663,0.0976721,0.230894,0.684233,0.241025,0.440152,0.683264,0.122038,0.609997,0.495177,0.833195,0.0343885,0.173365,0.90932,0.391061,0.25878,0.182236,0.662522,0.755361,0.311711,0.425156,0.520068,0.207942,0.54671,0.5677,0.184854,0.0313133
3,5,1,0.775133,0.449754,0.939499,0.39515,0.894827,0.926659,0.5979,0.727272,0.921874,0.326541,0.0884925,0.570444,0.195983,0.520834,0.0452273,0.961172,0.32533,0.844534,0.388677,0.74732,0.271349,0.539692,0.828737,0.586751,0.356753,0.965255,0.280935,0.607034,0.542696,0.275999,0.140924,0.296273
4,2,4,0.0745506,0.0156364,0.986887,0.423401,0.772245,0.394882,0.198716,0.293488,0.00552212,0.0140798,0.815461,0.198842,0.706857,0.711342,0.729007,0.790176,0.77127,0.60596,0.0740446,0.926301,0.358466,0.651077,0.115869,0.91496,0.863103,0.850039,0.623298,0.449451,0.330898,0.0954101,0.0635583,0.370818
5,4,3,0.325183,0.665922,0.729606,0.591298,0.637557,0.274722,0.887213,0.561243,0.472215,0.382927,0.119594,0.971712,0.713245,0.848914,0.760785,0.72173,0.561277,0.235985,0.770967,0.256068,0.493796,0.0404336,0.522733,0.710663,0.427541,0.110891,0.0254191,0.439337,0.107891,0.201719,0.0314292,0.895764
6,5,5,0.314356,0.563276,0.508571,0.695516,0.907566,0.139331,0.249292,0.604417,0.410383,0.539841,0.755551,0.203061,0.228798,0.942854,0.0769799,0.598865,0.289751,0.694785,0.161221,0.880468,0.929698,0.624354,0.80812,0.295634,0.633404,0.105494,0.871461,0.456535,0.803672,0.21844,0.18657,0.41651
7,2,2,0.539342,0.324345,0.80744,0.122088,0.896091,0.356298,0.318003,0.906828,0.110052,0.272132,0.227935,0.64769,0.427108,0.000520376,0.818015,0.352569,0.860731,0.304781,0.00695213,0.164656,0.510747,0.534089,0.417411,0.48483,0.222108,0.692436,0.119865,0.269412,0.337615,0.244126,0.94291,0.168291
8,1,3,0.518791,0.558102,0.703019,0.403836,0.36363,0.0648922,0.971782,0.253915,0.962447,0.246876,0.251782,0.696304,0.497249,0.712271,0.300878,0.148087,0.28484,0.997741,0.0368869,0.266781,0.609564,0.976615,0.502679,0.411037,0.0514788,0.0330507,0.278646,0.345071,0.908266,0.634351,0.239562,0.680705
9,3,2,0.489453,0.447783,0.98565,0.552893,0.242055,0.592697,0.672136,0.0808533,0.76162,0.369654,0.237638,0.24216,0.728216,0.80314,0.367783,0.470301,0.632306,0.983423,0.63353,0.398824,0.535775,0.816432,0.0902898,0.798345,0.835302,0.150718,0.32078,0.508199,0.186519,0.695813,0.0407751,0.858359
10,5,5,0.677564,0.220241,0.0165878,0.71115,0.512093,0.809501,0.226496,0.348666,0.645173,0.0961765,0.174366,0.940523,0.690938,0.397572,0.386735,0.517751,0.93673,0.83771,0.137521,0.67569,0.341066,0.735216,0.113474,0.209072,0.924694,0.541448,0.877339,0.695784,0.257942,0.22855,0.659984,0.174955
11,5,4,0.555201,0.516636,0.529651,0.260829,0.241852,0.996254,0.0931028,0.965419,0.897216,0.558293,0.900418,0.882636,0.633101,0.188707,0.33903,0.278871,0.34921,0.700358,0.725956,0.846661,0.89711,0.856324,0.887086,0.404508,0.779876,0.88777,0.642032,0.850928,0.08414,0.935635,0.161629,0.785341
12,4,2,0.606429,0.580687,0.00919705,0.372283,0.101472,0.940133,0.663502,0.973664,0.00506159,0.283921,0.160808,0.305364,0.548734,0.485614,0.691895,0.448424,0.651961,0.994457,0.224269,0.175925,0.712179,0.0180754,0.237249,0.493894,0.3254,0.178823,0.746491,0.366469,0.649633,0.744171,0.849223,0.72094
13,1,4,0.568309,0.54254,0.0936748,0.508814,0.367716,0.636333,0.265202,0.250462,0.24399,0.589871,0.973011,0.978893,0.393098,0.486742,0.892047,0.906099,0.631139,0.434394,0.794811,0.350078,0.502637,0.645103,0.576904,0.668924,0.492518,0.864168,0.195243,0.230185,0.722452,0.499193,0.280772,0.572004
14,1,2,0.645472,0.0436038,0.177111,0.994551,0.940459,0.469945,0.953929,0.27956,0.914864,0.883494,0.370159,0.747719,0.0154566,0.953072,0.928319,0.33075,0.428184,0.552765,0.966655,0.572292,0.96362,0.980332,0.853009,0.0753463,0.294449,0.305697,0.385098,0.190911,0.851137,0.268475,0.316922,0.48528
15,5,2,0.556801,0.394691,0.936155,0.844213,0.69603,0.930017,0.570061,0.0704161,0.0971765,0.208919,0.615007,0.671144,0.990054,0.358647,0.140084,0.254164,0.51833,0.295291,0.877373,0.322551,0.740769,0.84867,0.697016,0.136621,0.702484,0.708911,0.359491,0.55282,0.293592,0.29651,0.809361,0.419781
16,2,5,0.867072,0.611514,0.913241,0.0815942,0.511342,0.00518486,0.501516,0.627894,0.798295,0.194274,0.649964,0.0709409,0.701967,0.396784,0.795793,0.0507685,0.890005,0.886617,0.337995,0.0276168,0.375583,0.578865,0.0939819,0.438474,0.57828,0.672026,0.0359423,0.328153,0.465598,0.155042,0.542645,0.981841
17,5,5,0.590833,0.860405,0.0305003,0.250251,0.0373482,0.0388347,0.822601,0.303266,0.360191,0.537082,0.127061,0.326651,0.522243,0.827869,0.769994,0.271543,0.215821,0.965252,0.62289,0.457265,0.0853475,0.842023,0.0516817,0.19438,0.531355,0.411354,0.540635,0.699512,0.63743,0.138353,0.726091,0.132745
18,4,5,0.5163,0.714595,0.322956,0.0410675,0.795186,0.398821,0.270832,0.433521,0.438971,0.744043,0.0784564,0.250861,0.0253507,0.184334,0.962648,0.080873,0.83598,0.428314,0.695974,0.6885,0.408953,0.0581936,0.173294,0.915214,0.156437,0.442352,0.250243,0.239787,0.549227,0.0938733,0.714596,0.182866
19,1,4,0.279934,0.638271,0.954865,0.516696,0.737897,0.657111,0.554354,0.435673,0.611721,0.730039,0.4196,0.0477161,0.247731,0.566037,0.355973,0.158646,0.757846,0.120165,0.0143935,0.34188,0.116073,0.0917991,0.0460026,0.094157,0.0407288,0.311413,0.855461,0.979511,0.703658,0.17533,0.474174,0.0171611
20,1,5,0.491616,0.806913,0.473472,0.346304,0.173202,0.464674,0.433852,0.649774,0.398505,0.0480589,0.61585,0.949146,0.635094,0.88668,0.045304,0.260894,0.374613,0.0153045,0.62586,0.933436,0.503136,0.50104,0.85649,0.539377,0.658694,0.683964,0.162934,0.615851,0.0705687,0.943892,0.642419,0.944252
21,4,2,0.585776,0.636404,0.94023,0.800949,0.575474,0.677168,0.38817,0.573367,0.643288,0.1285,0.458253,0.811204,0.545617,0.820639,0.941465,0.62594,0.386103,0.820427,0.961191,0.651485,0.905351,0.206684,0.195791,0.273961,0.0693613,0.214589,0.100778,0.377259,0.0182218,0.0389631,0.094443,0.618254
22,5,4,0.0711886,0.655723,0.318976,0.385397,0.844875,0.681614,0.0232719,0.340625,0.814469,0.260695,0.281855,0.496037,0.118165,0.69289,0.696737,0.348337,0.628943,0.936648,0.877472,0.0391863,0.735071,0.417946,0.803481,0.967581,0.282035,0.547972,0.17744,0.423471,0.750615,0.56852,0.806835,0.575925
23,1,5,0.412618,0.12769,0.372018,0.250016,0.776413,0.580544,0.340804,0.867117,0.930757,0.561867,0.858413,0.238597,0.428994,0.679845,0.750871,0.739909,0.754543,0.238236,0.103124,0.377729,0.902553,0.534327,0.505252,0.496561,0.826457,0.389618,0.32005,0.297635,0.895523,0.0999849,0.389202,0.0534853
24,1,5,0.905382,0.847143,0.0912867,0.354905,0.319314,0.956801,0.950062,0.67677,0.950607,0.482521,0.573438,0.493026,0.631837,0.0832844,0.448446,0.0917041,0.293211,0.602441,0.328665,0.553703,0.672518,0.212728,0.752375,0.946195,0.791579,0.781296,0.789618,0.113465,0.0912061,0.930929,0.49442,0.974248
25,5,3,0.549529,0.0558712,0.44153,0.737036,0.887704,0.545916,0.350915,0.705831,0.117067,0.968652,0.142992,0.68803,0.761511,0.836964,0.618218,0.866869,0.101123,0.838481,0.0841068,0.426091,0.700969,0.222576,0.072763,0.396652,0.82186,0.891897,0.706242,0.146605,0.0813488,0.513326,0.0848377,0.233228
26,1,4,0.374271,0.863138,0.370642,0.88036,0.8128,0.236685,0.947249,0.907694,0.986001,0.591889,0.753378,0.350218,0.37626,0.708181,0.0835007,0.481667,0.777147,0.377988,0.558404,0.705084,0.424222,0.248724,0.906354,0.330253,0.111197,0.434452,0.492625,0.253682,0.0113536,0.405202,0.468661,0.571473
27,5,5,0.118818,0.767195,0.117526,0.82279,0.64921,0.744212,0.746045,0.681039,0.583369,0.237506,0.962173,0.400223,0.374871,0.477715,0.285712,0.0828913,0.868599,0.52837,0.223596,0.436336,0.963223,0.802109,0.0121545,0.977901,0.969879,0.556005,0.0431599,0.322686,0.891143,0.0434008,0.527701,0.924643
28,2,1,0.0737966,0.25299,0.553854,0.695411,0.969303,0.0754346,0.523098,0.166215,0.629399,0.216809,0.695749,0.294494,0.454541,0.995831,0.627558,0.696925,0.584314,0.384202,0.901158,0.737101,0.0454464,0.915254,0.280963,0.958702,0.950411,0.0578639,0.890264,0.394522,0.455657,0.106756,0.620133,0.33566
29,4,3,0.188121,0.646848,0.463698,0.388268,0.353352,0.229395,0.583656,0.265938,0.0777346,0.360345,0.974395,0.25995,0.986211,0.453241,0.698162,0.032316,0.536096,0.279764,0.309528,0.411207,0.813795,0.602782,0.684731,0.270958,0.162617,0.133185,0.910927,0.0762004,0.822537,0.940532,0.9498,0.416639
30,3,1,0.613415,0.919177,0.418243,0.0827484,0.932728,0.876661,0.866064,0.551588,0.0452187,0.164834,0.026367,0.411255,0.376463,0.777602,0.810553,0.48037,0.987276,0.985286,0.150417,0.376739,0.594131,0.749578,0.380891,0.392989,0.969914,0.829164,0.842119,0.569081,0.838329,0.0635118,0.468693,0.0368219
31,4,4,0.273407,0.013672,0.0563755,0.0753591,0.864722,0.691714,0.812901,0.534346,0.999718,0.749911,0.996637,0.913166,0.555432,0.58515,0.768987,0.726121,0.944766,0.757081,0.849647,0.377851,0.247348,0.241085,0.450544,0.205045,0.129159,0.251442,0.954051,0.274732,0.606175,0.207228,0.228643,0.878221
32,4,5,0.618128,0.0468965,0.358163,0.268672,0.113558,0.0221847,0.671573,0.498165,0.520308,0.476211,0.772318,0.831371,0.520163,0.307777,0.852181,0.816386,0.551907,0.967974,0.560938,0.0884082,0.876654,0.791818,0.403483,0.589956,0.134015,0.480046,0.0287827,0.420536,0.755137,0.784668,0.62031,0.639361
33,5,5,0.212964,0.903151,0.136371,0.617264,0.0145447,0.980463,0.350588,0.608088,0.589918,0.636644,0.392244,0.554816,0.437475,0.0910021,0.904159,0.726397,0.348255,0.547446,0.51399,0.45091,0.783653,0.910471,0.396543,0.297959,0.622087,0.523602,0.862364,0.697642,0.949521,0.796472,0.147073,0.459347
34,5,5,0.492116,0.768918,0.258244,0.066236,0.459136,0.0458613,0.980033,0.620806,0.492618,0.347413,0.328752,0.209131,0.633401,0.57965,0.240146,0.341563,0.0758633,0.537263,0.12888,0.460119,0.128046,0.584766,0.151903,0.400301,0.138827,0.697668,0.640875,0.180067,0.18188,0.696501,0.345667,0.411661
35,4,3,0.473962,0.515236,0.667558,0.97311,0.17232,0.601935,0.192289,0.223849,0.0408686,0.821791,0.168935,0.345083,0.27859,0.347619,0.17701,0.0318047,0.0887025,0.548715,0.120636,0.534424,0.460779,0.355991,0.206334,0.894217,0.36427,0.128748,0.503417,0.3301,0.690395,0.321583,0.0393121,0.0922906
36,1,1,0.6279,0.687785,0.081759,0.511657,0.873579,0.156978,0.920872,0.377286,0.061078,0.00259503,0.276878,0.868301,0.806201,0.084517,0.74826,0.597278,0.184521,0.986257,0.209349,0.536591,0.370472,0.924042,0.484523,0.236117,0.618255,0.759955,0.368914,0.531266,0.462535,0.720516,0.747471,0.0623414
37,5,2,0.252437,0.133117,0.71335,0.687165,0.895207,0.844441,0.511677,0.749616,0.532113,0.0304722,0.107172,0.867215,0.447412,0.354147,0.532617,0.397164,0.242471,0.104869,0.269243,0.737405,0.377284,0.182284,0.0200712,0.563965,0.322079,0.84071,0.211448,0.0892043,0.327497,0.535336,0.119762,0.233216
38,4,5,0.593592,0.47397,0.679102,0.355104,0.789171,0.648823,0.498442,0.479582,0.0869203,0.584199,0.537107,0.736822,0.586841,0.557742,0.745439,0.586535,0.43166,0.564459,0.12758,0.378773,0.283776,0.337447,0.363082,0.899647,0.645917,0.607555,0.570778,0.244353,0.356097,0.498248,0.986515,0.330348
39,5,1,0.237227,0.00753437,0.101782,0.225333,0.152859,0.365357,0.245958,0.48781,0.160681,0.850818,0.186567,0.0878876,0.285095,0.805865,0.173374,0.0556535,0.896765,0.842314,0.0802338,0.0516355,0.524511,0.0182425,0.410397,0.696961,0.982379,0.997256,0.112039,0.89661,0.397856,0.575998,0.96947,0.917396
40,2,1,0.817072,0.975067,0.257903,0.490749,0.170888,0.722896,0.668643,0.820861,0.929376,0.718457,0.556763,0.535037,0.571613,0.476619,0.279979,0.838583,0.769493,0.205078,0.187044,0.967994,0.323679,0.710952,0.425436,0.199507,0.50761,0.736247,0.24241,0.52984,0.114837,0.70723,0.61062,0.76778
41,3,4,0.581238,0.506104,0.154363,0.932014,0.48114,0.320642,0.532589,0.593883,0.0518235,0.36923,0.336604,0.454268,0.134415,0.548603,0.063375,0.548922,0.98996,0.20173,0.322354,0.684572,0.809874,0.0878681,0.254641,0.138825,0.681503,0.0027109,0.760228,0.116696,0.595639,0.473166,0.471576,0.606102
42,1,1,0.348868,0.106699,0.929529,0.850727,0.830619,0.745975,0.965027,0.408518,0.124297,0.932938,0.730867,0.990929,0.93834,0.205002,0.181233,0.379229,0.0664963,0.926449,0.741121,0.721597,0.574473,0.0480946,0.841829,0.781514,0.139772,0.827941,0.795267,0.750502,0.201627,0.799537,0.163656,0.825133
43,3,1,0.814575,0.235692,0.665197,0.633759,0.523065,0.907866,0.35883,0.316197,0.877201,0.588307,0.392445,0.682982,0.816599,0.451949,0.439135,0.713782,0.376944,0.899667,0.46268,0.624102,0.301378,0.539781,0.747609,0.438745,0.50272,0.577486,0.232213,0.355362,0.899575,0.391482,0.383891,0.531857
44,1,2,0.906472,0.229025,0.624238,0.542849,0.116898,0.431528,0.939832,0.332816,0.627708,0.730549,0.334906,0.693718,0.139272,0.166731,0.794025,0.878629,0.620073,0.495424,0.533461,0.741461,0.893893,0.573151,0.788597,0.997693,0.151675,0.752403,0.311722,0.70698,0.248489,0.778572,0.743946,0.143128
45,3,4,0.56989,0.714064,0.762459,0.493981,0.876766,0.754635,0.342082,0.102916,0.821257,0.536481,0.110632,0.378822,0.846452,0.457,0.127489,0.603958,0.397287,0.502288,0.797295,0.539861,0.149917,0.486357,0.229251,0.408955,0.722253,0.771882,0.720037,0.0122031,0.641148,0.598443,0.693948,0.565508
46,4,4,0.251799,0.599029,0.345696,0.826799,0.181598,0.959075,0.908451,0.342524,0.583392,0.227351,0.400851,0.423597,0.462006,0.28793,0.947283,0.61495,0.153351,0.911852,0.58623,0.139116,0.505889,0.100795,0.611454,0.256016,0.0181102,0.726096,0.872124,0.592963,0.932118,0.102213,0.565133,0.918751
47,3,2,0.922499,0.0230226,0.707239,0.651367,0.152539,0.771247,0.576288,0.374435,0.606715,0.0689215,0.424131,0.0773211,0.736444,0.104247,0.934367,0.84044,0.925569,0.910686,0.450839,0.122811,0.113238,0.235906,0.984841,0.165521,0.838898,0.186321,0.124663,0.837491,0.920842,0.332146,0.869896,0.311444
48,1,2,0.591275,0.607894,0.399003,0.379306,0.0547616,0.74425,0.335197,0.20558,0.802853,0.78779,0.00463202,0.603722,0.333499,0.114267,0.398169,0.414505,0.537396,0.863518,0.919856,0.92296,0.346346,0.4657,0.346953,0.480837,0.737501,0.918455,0.452218,0.587068,0.224605,0.0328467,0.45244,0.912749
49,3,2,0.176387,0.577632,0.498368,0.165513,0.418925,0.0338792,0.914846,0.311473,0.362394,0.780496,0.580588,0.277587,0.632264,0.220097,0.0130945,0.212681,0.663537,0.515174,0.178036,0.975541,0.96107,0.458989,0.148663,0.557305,0.414624,0.860632,0.0853497,0.53507,0.996874,0.184463,0.502195,0.299596
50,1,1,0.0670765,0.397318,0.74996,0.426789,0.209906,0.799782,0.898054,0.349387,0.20514,0.468232,0.190688,0.624976,0.0365497,0.377726,0.472067,0.836565,0.564841,0.587454,0.0657086,0.294045,0.775528,0.714059,0.453289,0.527648,0.52439,0.534456,0.440763,0.481088,0.400763,0.497012,0.55964,0.765356
51,1,2,0.181928,0.334363,0.861786,0.0755034,0.946115,0.753246,0.373309,0.272302,0.270745,0.89743,0.644,0.526578,0.408734,0.80075,0.0253864,0.978931,0.156153,0.839789,0.715972,0.866994,0.658924,0.407984,0.027096,0.551723,0.221972,0.253889,0.231075,0.196113,0.671893,0.505508,0.0197105,0.595049
52,2,5,0.799916,0.569444,0.178545,0.88746,0.652746,0.556722,0.238183,0.720813,0.0994414,0.805315,0.243172,0.988729,0.722267,0.603197,0.855696,0.80685,0.83022,0.962649,0.397184,0.94441,0.668085,0.141082,0.204984,0.406392,0.293148,0.32399,0.896336,0.086925,0.0130019,0.633241,0.0855085,0.735905
53,5,5,0.0265322,0.122777,0.181435,0.876444,0.583042,0.642926,0.421425,0.703946,0.892672,0.910624,0.817444,0.624761,0.341817,0.335866,0.259423,0.825107,0.379692,0.363059,0.590295,0.0342281,0.268064,0.830655,0.624149,0.345192,0.409412,0.773835,0.552047,0.362758,0.436127,0.861068,0.294466,0.219511
54,1,4,0.763606,0.779759,0.140113,0.114238,0.868468,0.565777,0.487431,0.985367,0.894552,0.471065,0.799855,0.182107,0.425214,0.484778,0.0224693,0.512458,0.268677,0.741687,0.541634,0.698846,0.633478,0.40255,0.257888,0.218023,0.139356,0.645054,0.83493,0.421704,0.984402,0.132276,0.52569,0.900572
55,4,3,0.272307,0.683184,0.0183907,0.822584,0.914299,0.529662,0.117751,0.815054,0.576516,0.498091,0.274055,0.0671754,0.554178,0.405248,0.65142,0.497465,0.829742,0.720203,0.206421,0.106579,0.0109958,0.140019,0.136886,0.263684,0.900019,0.266498,0.87389,0.732185,0.597413,0.250731,0.600517,0.633098
56,3,5,0.175371,0.573294,0.914412,0.838107,0.418771,0.404382,0.383139,0.770911,0.518918,0.422036,0.046966,0.353871,0.166283,0.958627,0.738034,0.184371,0.0827987,0.090337,0.603152,0.770986,0.245349,0.0682497,0.389296,0.837079,0.288694,0.437193,0.355673,0.915514,0.719046,0.721533,0.297122,0.610405
57,3,4,0.47605,0.396649,0.663671,0.954087,0.93683,0.135001,0.732572,0.483755,0.21494,0.269911,0.0311831,0.539843,0.262264,0.162014,0.595078,0.84153,0.0514258,0.846408,0.496366,0.955236,0.596843,0.154672,0.334244,0.623333,0.770912,0.474237,0.106598,0.344384,0.0751378,0.35154,0.728189,0.412794
58,5,4,0.688402,0.598286,0.434827,0.459682,0.246402,0.0759334,0.819102,0.0777653,0.799416,0.00233939,0.694696,0.967699,0.272145,0.00525382,0.590231,0.103094,0.360974,0.314597,0.0915821,0.80743,0.917314,0.962099,0.136819,0.790014,0.950237,0.69056,0.446006,0.521301,0.185133,0.0867052,0.541901,0.958171
59,1,1,0.732225,0.638949,0.806561,0.759036,0.658783,0.724103,0.692277,0.637232,0.849196,0.980577,0.249668,0.903364,0.489425,0.646665,0.221209,0.693175,0.987668,0.0515958,0.944059,0.669917,0.0394268,0.0441654,0.705575,0.588264,0.925248,0.999354,0.180575,0.555807,0.567945,0.47321,0.915488,0.312855
60,2,3,0.69742,0.731024,0.297349,0.192599,0.924396,0.115282,0.971058,0.421763,0.944266,0.795342,0.474214,0.745065,0.862043,0.0548826,0.844549,0.455144,0.3191,0.522435,0.828915,0.644547,0.0370076,0.650167,0.59627,0.364697,0.230009,0.560677,0.120567,0.481062,0.0769532,0.884998,0.696289,0.530265
61,4,1,0.724767,0.404485,0.0653563,0.572428,0.31529,0.803977,0.539491,0.538401,0.790723,0.661655,0.318752,0.737856,0.625891,0.520168,0.885978,0.426817,0.615863,0.876665,0.232959,0.417506,0.0244008,0.461943,0.870099,0.990341,0.0212694,0.000237523,0.874702,0.185473,0.528937,0.383964,0.939068,0.93259
62,2,4,0.997934,0.00948543,0.350712,0.0526838,0.767188,0.0885434,0.401931,0.0375968,0.479876,0.479781,0.627505,0.580757,0.873677,0.271687,0.984083,0.398287,0.768273,0.0916993,0.417767,0.33637,0.421357,0.522519,0.737582,0.732272,0.238777,0.00334636,0.110474,0.467311,0.354622,0.297003,0.287239,0.852822
63,1,4,0.233608,0.589109,0.0420932,0.277266,0.0178739,0.910339,0.987722,0.0451007,0.427773,0.109468,0.384327,0.39163,0.679647,0.124438,0.218254,0.956416,0.949961,0.797989,0.786345,0.258983,0.089411,0.588554,0.417581,0.982331,0.879118,0.884199,0.944732,0.600798,0.467402,0.903724,0.613411,0.989185
64,5,3,0.991169,0.0649864,0.231672,0.40158,0.942732,0.837826,0.649647,0.230569,0.607737,0.830643,0.512689,0.120339,0.23067,0.0469454,0.176528,0.384091,0.220486,0.0367319,0.186438,0.95727,0.779584,0.826206,0.350125,0.80077,0.0578427,0.629778,0.969103,0.216324,0.883786,0.51826,0.927752,0.597274
65,5,5,0.173895,0.260233,0.396242,0.515248,0.758238,0.491186,0.696021,0.996336,0.153896,0.897436,0.815833,0.463381,0.224441,0.622937,0.223818,0.747872,0.536974,0.0348652,0.59294,0.894921,0.580086,0.860127,0.0914868,0.457432,0.877461,0.39117,0.2656,0.272959,0.129515,0.476677,0.888748,0.0443767
66,3,3,0.862128,0.0354224,0.809516,0.329051,0.655242,0.931589,0.550857,0.735213,0.0869868,0.281391,0.408453,0.252649,0.372689,0.00508214,0.259754,0.695714,0.72342,0.0487836,0.495876,0.532603,0.0810462,0.962122,0.220183,0.109469,0.683259,0.89448,0.0761309,0.991475,0.851207,0.061517,0.495147,0.882906
67,4,1,0.592408,0.906514,0.824681,0.571319,0.347809,0.662112,0.678016,0.543779,0.565732,0.864493,0.267028,0.73391,0.87863,0.52126,0.797426,0.868161,0.658452,0.245286,0.850582,0.157341,0.867294,0.1604,0.708363,0.334009,0.837013,0.23869,0.697471,0.93009,0.680141,0.105834,0.618611,0.698991
68,4,1,0.158605,0.881637,0.880871,0.961315,0.871844,0.46547,0.0292473,0.879071,0.825817,0.00514517,0.12887,0.819947,0.335119,0.228625,0.743508,0.908701,0.16076,0.00112011,0.817967,0.556182,0.832134,0.756636,0.507468,0.258688,0.00638587,0.193133,0.287038,0.0840982,0.616927,0.326434,0.981186,0.559844
69,4,4,0.259804,0.376695,0.634006,0.00907241,0.539985,0.818679,0.779845,0.128449,0.106981,0.283343,0.761028,0.0184277,0.541267,0.432241,0.962992,0.840122,0.341872,0.392151,0.632622,0.179497,0.932028,0.753699,0.10251,0.788807,0.937229,0.173753,0.687886,0.770854,0.0678371,0.947298,0.300964,0.166378
70,4,1,0.0673506,0.708572,0.58217,0.473574,0.345883,0.0579205,0.620916,0.0746944,0.045742,0.852415,0.871537,0.990148,0.973489,0.676052,0.968878,0.445958,0.749652,0.647574,0.130086,0.594396,0.758263,0.383612,0.0245869,0.0656262,0.0221235,0.821513,0.32361,0.371834,0.488643,0.818786,0.770407,0.252509
71,5,5,0.445903,0.158938,0.273627,0.468539,0.997124,0.944304,0.426181,0.102194,0.451387,0.85421,0.163624,0.527024,0.79481,0.825921,0.693682,0.298374,0.22077,0.839947,0.082381,0.772823,0.680499,0.230054,0.654511,0.131335,0.27326,0.868054,0.950864,0.963237,0.151058,0.0313023,0.432335,0.73127
72,5,1,0.419727,0.85736,0.638526,0.96452,0.397594,0.760094,0.274215,0.442299,0.983978,0.311952,0.409334,0.320743,0.894099,0.724423,0.229955,0.745837,0.213105,0.200359,0.0311341,0.868123,0.651667,0.714924,0.368526,0.56275,0.864358,0.471532,0.47321,0.543233,0.968193,0.159246,0.185526,0.203701
73,3,1,0.776597,0.153658,0.770922,0.453694,0.844783,0.530354,0.761024,0.0178619,0.62622,0.796798,0.131245,0.294168,0.0325262,0.911836,0.920848,0.967511,0.61665,0.185459,0.796537,0.462097,0.481522,0.00123184,0.117308,0.598327,0.125186,0.607306,0.685565,0.24754,0.430306,0.558413,0.200525,0.22554
74,3,4,0.0642089,0.651519,0.581971,0.325925,0.268993,0.590264,0.797559,0.433247,0.310362,0.984351,0.45522,0.149581,0.0116205,0.464599,0.0724469,0.680457,0.392494,0.395545,0.479939,0.9747,0.600021,0.721888,0.291663,0.656984,0.694982,0.757059,0.860122,0.952649,0.779851,0.907819,0.0396188,0.724285
75,1,5,0.10493,0.145922,0.242045,0.102792,0.986663,0.570904,0.142496,0.0183676,0.498888,0.482356,0.618156,0.21035,0.702465,0.346017,0.559649,0.775805,0.00977085,0.941238,0.326461,0.0724163,0.517712,0.534242,0.0878665,0.882533,0.350627,0.0825085,0.0332031,0.824514,0.0785785,0.357801,0.396923,0.322095
76,2,4,0.567541,0.200859,0.689465,0.693194,0.800587,0.821441,0.20015,0.0411835,0.167483,0.670385,0.104568,0.95155,0.63643,0.12422,0.706476,0.896221,0.0315861,0.594777,0.936212,0.616605,0.0519713,0.612944,0.541296,0.298836,0.70906,0.935202,0.870969,0.94735,0.714087,0.625305,0.801728,0.783423
77,2,4,0.814825,0.484398,0.0801148,0.66082,0.894817,0.553001,0.547592,0.597476,0.817298,0.783833,0.452318,0.480904,0.643578,0.0407541,0.526403,0.163999,0.731589,0.438607,0.08163,0.724827,0.0603521,0.593279,0.247103,0.650294,0.159545,0.479279,0.871784,0.615742,0.219214,0.329017,0.975865,0.470183
78,5,5,0.182118,0.871833,0.789698,0.433655,0.658708,0.0436617,0.498196,0.161673,0.555364,0.0208611,0.719202,0.653263,0.228455,0.332315,0.996334,0.542479,0.974793,0.493277,0.650326,0.0815265,0.199542,0.403261,0.680228,0.220561,0.0721984,0.4184,0.0306525,0.203578,0.257683,0.840452,0.462623,0.174193
79,3,2,0.727169,0.415907,0.742707,0.846245,0.425493,0.628765,0.345935,0.73535,0.371039,0.767724,0.98765,0.504845,0.0401092,0.543301,0.867032,0.513996,0.578675,0.588058,0.438615,0.0293944,0.725258,0.395515,0.486669,0.606189,0.873423,0.597724,0.900702,0.792956,0.421721,0.655009,0.276828,0.992133
80,3,3,0.912363,0.359151,0.210662,0.383847,0.622967,0.465813,0.63156,0.835998,0.733113,0.235792,0.131568,0.776,0.715825,0.40531,0.909033,0.601855,0.179683,0.632541,0.237543,0.372849,0.971395,0.512615,0.180977,0.413031,0.854385,0.0691328,0.492278,0.437165,0.247231,0.0973934,0.87075,0.405021
81,3,3,0.514817,0.579415,0.359233,0.662621,0.592951,0.0952615,0.163524,0.652123,0.391082,0.312148,0.969412,0.399046,0.258133,0.857986,0.656737,0.0090304,0.32519,0.588413,0.773473,0.598714,0.130874,0.39666,0.969821,0.237028,0.45379,0.234674,0.23605,0.88371,0.0734967,0.442024,0.169758,0.330889
82,2,3,0.337003,0.66939,0.828883,0.145757,0.430888,0.449434,0.248714,0.587884,0.617145,0.948583,0.706777,0.252528,0.167042,0.359251,0.167619,0.379359,0.0366714,0.605538,0.736402,0.356732,0.663805,0.533512,0.474631,0.78179,0.84417,0.705386,0.80567,0.446369,0.585354,0.864216,0.868271,0.55814
83,5,2,0.11192,0.0341878,0.26975,0.986693,0.0570869,0.122971,0.53117,0.231131,0.936606,0.0516968,0.0393435,0.640003,0.12211,0.224701,0.452199,0.18001,0.933875,0.0885556,0.316156,0.103309,0.507235,0.584671,0.0415729,0.688208,0.148343,0.397379,0.98663,0.479897,0.965119,0.685968,0.00493998,0.0173798
84,5,5,0.63912,0.973098,0.867918,0.580112,0.45474,0.254225,0.515596,0.52173,0.488847,0.342653,0.666864,0.532245,0.139651,0.125742,0.0299736,0.132715,0.30793,0.143542,0.704681,0.93982,0.201853,0.732899,0.673432,0.162382,0.969912,0.188349,0.0939007,0.730829,0.672602,0.156164,0.44375,0.234561
85,4,3,0.17715,0.255307,0.692626,0.661632,0.838115,0.978631,0.944614,0.374297,0.683248,0.017516,0.497175,0.244147,0.617847,0.830877,0.868905,0.864609,0.57061,0.768519,0.0303871,0.11311,0.930949,0.79551,0.689527,0.918678,0.676513,0.60061,0.215675,0.940875,0.658885,0.826839,0.393864,0.666972
86,4,2,0.106593,0.348574,0.657845,0.159287,0.999414,0.604954,0.048212,0.318112,0.977174,0.866439,0.406908,0.993337,0.870753,0.752428,0.782385,0.0904817,0.567016,0.288686,0.738449,0.10911,0.878516,0.650512,0.40414,0.765191,0.327033,0.925675,0.667593,0.438172,0.807846,0.901376,0.762285,0.877891
87,4,4,0.435583,0.868901,0.817834,0.375672,0.120209,0.296869,0.544489,0.649075,0.00575866,0.328381,0.324586,0.630209,0.366462,0.609832,0.396173,0.563439,0.695467,0.38042,0.388558,0.5485,0.448694,0.596485,0.237544,0.545687,0.373252,0.444419,0.22727,0.0146671,0.0731959,0.587062,0.603449,0.168444
88,5,3,0.61949,0.759344,0.463494,0.500445,0.379786,0.542364,0.863334,0.951479,0.519082,0.847167,0.479182,0.914237,0.0256421,0.813766,0.341248,0.108918,0.380196,0.148992,0.398823,0.526624,0.580172,0.24607,0.533603,0.476695,0.607905,0.394365,0.764883,0.549414,0.812986,0.746876,0.718123,0.715491
89,3,3,0.0182326,0.822393,0.195778,0.430862,0.00756287,0.896714,0.647475,0.0712803,0.898031,0.95466,0.243482,0.654693,0.927035,0.380075,0.0602674,0.197154,0.934436,0.479183,0.351623,0.194558,0.101421,0.166332,0.485872,0.617352,0.256777,0.523085,0.284873,0.670096,0.30729,0.929606,0.803026,0.53226
90,5,5,0.311308,0.0896263,0.610334,0.717636,0.716151,0.399905,0.272624,0.976725,0.413549,0.823174,0.121886,0.522481,0.181149,0.123223,0.681118,0.859416,0.181438,0.799781,0.525163,0.184585,0.709046,0.295278,0.106877,0.793407,0.567312,0.185228,0.256563,0.917753,0.962927,0.424527,0.483546,0.087039
91,2,4,0.550227,0.37351,0.0434125,0.526499,0.633151,0.112304,0.951403,0.00258401,0.601612,0.637985,0.819189,0.515175,0.884206,0.593539,0.22808,0.793744,0.212045,0.646606,0.610981,0.174773,0.411028,0.360773,0.839861,0.905891,0.900023,0.769945,0.353421,0.556637,0.236871,0.255645,0.780526,0.302061
92,2,2,0.822614,0.851174,0.423738,0.671425,0.66755,0.80953,0.0955353,0.766656,0.623859,0.149704,0.451768,0.423945,0.586608,0.152984,0.168014,0.235236,0.736874,0.86926,0.862797,0.472892,0.21674,0.535358,0.0957146,0.178446,0.0236386,0.312272,0.641972,0.230246,0.607094,0.206186,0.546697,0.637961
93,1,2,0.390906,0.632015,0.594476,0.0584546,0.496767,0.141774,0.987786,0.27454,0.13644,0.597047,0.695145,0.675841,0.404319,0.442717,0.4282,0.445791,0.717598,0.724517,0.692436,0.0158211,0.991256,0.34109,0.128394,0.818707,0.10411,0.603219,0.724339,0.337227,0.578387,0.905525,0.274161,0.772623
94,2,1,0.0856582,0.64529,0.894191,0.595751,0.191867,0.401188,0.323372,0.366956,0.226656,0.34356,0.354996,0.617156,0.0694238,0.44241,0.51906,0.831863,0.0676126,0.669603,0.800357,0.0699316,0.233712,0.640168,0.540012,0.271147,0.880079,0.592812,0.650877,0.680132,0.532958,0.230829,0.324334,0.456859
95,2,2,0.669487,0.0523389,0.994139,0.378476,0.661839,0.362944,0.557783,0.99548,0.73065,0.446352,0.465206,0.33357,0.0601423,0.580475,0.562297,0.0887674,0.957625,0.961666,0.175303,0.63496,0.690005,0.754838,0.200934,0.170478,0.535828,0.409478,0.0966765,0.422689,0.450371,0.821806,0.756163,0.00123668
96,4,1,0.664912,0.981236,0.79545,0.474887,0.927178,0.382526,0.234642,0.119829,0.399316,0.974165,0.152416,0.0200264,0.992483,0.73718,0.927001,0.7686,0.539957,0.243657,0.842033,0.671558,0.520958,0.0929291,0.623586,0.257047,0.0891244,0.787902,0.75527,0.864686,0.127713,0.608486,0.826068,0.506838
97,5,2,0.708745,0.063109,0.0361604,0.117649,0.303128,0.227357,0.263113,0.341675,0.360136,0.38091,0.0876428,0.346322,0.936958,0.239055,0.553802,0.509724,0.305524,0.825286,0.396982,0.279704,0.447203,0.942387,0.600594,0.873337,0.515679,0.161764,0.919392,0.786276,0.496963,0.574587,0.992158,0.566575
98,4,5,0.208511,0.501153,0.930595,0.397179,0.116366,0.539733,0.81745,0.62795,0.380623,0.674304,0.877974,0.532481,0.868057,0.721422,0.805925,0.141278,0.79003,0.211982,0.304679,0.818735,0.0809193,0.322528,0.40298,0.0228938,0.173525,0.153791,0.694951,0.223614,0.3461,0.957323,0.97561,0.573041
99,3,4,0.822481,0.575163,0.132525,0.479354,0.862014,0.313728,0.922757,0.606371,0.487062,0.139198,0.606253,0.898262,0.76481,0.829332,0.174839,0.317531,0.502566,0.952798,0.398663,0.825201,0.146374,0.666307,0.367534,0.121762,0.0681723,0.478234,0.0258119,0.506108,0.135166,0.232551,0.963115,0.0799654
100,1,4,0.965822,0.122035,0.432498,0.594291,0.311816,0.936449,0.506142,0.876105,0.439512,0.277753,0.105665,0.851449,0.640826,0.000332512,0.216038,0.0176878,0.619588,0.602553,0.650201,0.364798,0.152025,0.386461,0.0613496,0.564441,0.780762,0.191782,0.4598,0.211755,0.0581638,0.484602,0.994866,0.754254
101,3,4,0.695035,0.297355,0.983679,0.430337,0.23918,0.170665,0.142249,0.0746298,0.121385,0.782696,0.303275,0.265387,0.101046,0.177766,0.692161,0.691618,0.0622918,0.618052,0.509422,0.63319,0.996697,0.228895,0.81397,0.232646,0.615219,0.220803,0.306254,0.173753,0.623896,0.655724,0.527041,0.848016
102,3,4,0.13071,0.792094,0.886604,0.404798,0.449785,0.654076,0.194623,0.354236,0.367759,0.525505,0.41413,0.481635,0.827538,0.176887,0.733614,0.387079,0.769305,0.963822,0.0110313,0.24858,0.416154,0.133804,0.481344,0.418581,0.0191923,0.790338,0.259813,0.582148,0.76029,0.680975,0.13711,0.189695
103,3,5,0.215202,0.3235,0.0121208,0.834303,0.241201,0.629299,0.975874,0.198856,0.801537,0.0646167,0.959577,0.0426332,0.487854,0.371409,0.109736,0.265851,0.54796,0.64609,0.454377,0.499334,0.844357,0.266019,0.0980826,0.149238,0.488241,0.1272,0.150049,0.86466,0.324676,0.243478,0.737357,0.651711
104,4,2,0.375888,0.614081,0.394476,0.859565,0.459447,0.392394,0.785017,0.956222,0.892085,0.133145,0.955335,0.10215,0.786903,0.658692,0.315407,0.942831,0.688135,0.808883,0.437603,0.0764169,0.254671,0.279368,0.840872,0.930319,0.0384264,0.253058,0.901762,0.78117,0.461477,0.825132,0.637201,0.495452
105,4,2,0.895118,0.450124,0.63667,0.226965,0.613934,0.889391,0.066652,0.45062,0.518408,0.882459,0.150169,0.105693,0.737434,0.988275,0.512222,0.443273,0.680228,0.0478308,0.0416729,0.0380218,0.084792,0.746207,0.716323,0.659036,0.0720843,0.802131,0.0712567,0.105368,0.0121085,0.0355709,0.956501,0.508579
106,4,5,0.353251,0.461947,0.296536,0.991588,0.349703,0.97075,0.774654,0.942315,0.661371,0.783843,0.185196,0.354841,0.174109,0.412131,0.0983956,0.549616,0.660303,0.830534,0.764373,0.0687128,0.265046,0.424297,0.020945,0.0826177,0.0821717,0.514658,0.96786,0.898901,0.295445,0.782485,0.769223,0.227842
107,4,1,0.38194,0.66735,0.205687,0.0104277,0.121386,0.255413,0.615013,0.260713,0.774634,0.0692543,0.643904,0.959827,0.530302,0.478255,0.0419512,0.895815,0.968489,0.322215,0.798714,0.125234,0.292822,0.474336,0.97997,0.113957,0.601882,0.486015,0.582423,0.920297,0.748073,0.520768,0.81177,0.6165
108,5,5,0.128096,0.0437356,0.338268,0.110808,0.928084,0.598532,0.224616,0.0950117,0.372167,0.375993,0.432077,0.550092,0.439405,0.388653,0.61294,0.163684,0.943076,0.273791,0.240693,0.928318,0.121501,0.675982,0.19747,0.496048,0.886925,0.0127149,0.645811,0.992415,0.285907,0.671455,0.815947,0.316922
109,4,1,0.846514,0.258432,0.918927,0.544017,0.252241,0.636071,0.755042,0.221063,0.460539,0.978397,0.841999,0.748192,0.728491,0.557813,0.776447,0.180595,0.656162,0.0538582,0.177429,0.32006,0.545027,0.753187,0.98467,0.269331,0.937388,0.539556,0.0431737,0.727947,0.164815,0.107944,0.131729,0.685298
110,1,5,0.817785,0.96513,0.213511,0.488394,0.505853,0.150676,0.840703,0.342384,0.732802,0.413416,0.542237,0.758185,0.590348,0.743424,0.508361,0.611941,0.297548,0.105931,0.565022,0.151569,0.688885,0.0937569,0.873323,0.577173,0.636291,0.877138,0.761122,0.433801,0.160072,0.160848,0.461557,0.558042
111,1,5,0.246679,0.741712,0.726462,0.881451,0.99181,0.277902,0.0991781,0.193954,0.401494,0.879816,0.800071,0.65756,0.204036,0.310929,0.555085,0.742348,0.733071,0.815118,0.615985,0.614978,0.188025,0.687884,0.355385,0.37526,0.783792,0.538696,0.554227,0.524159,0.00522961,0.848048,0.760991,0.839964
112,4,1,0.745734,0.0110316,0.202481,0.749545,0.958073,0.758676,0.367941,0.678379,0.326932,0.756265,0.148888,0.84197,0.305604,0.470319,0.876651,0.50205,0.996334,0.124714,0.36831,0.385376,0.448611,0.643365,0.722071,0.7804,0.886196,0.217209,0.593044,0.137823,0.391526,0.663042,0.412622,0.00187988
113,5,2,0.00321827,0.0290714,0.619589,0.166885,0.355493,0.181319,0.794197,0.387674,0.0929906,0.402327,0.588202,0.874262,0.480973,0.51011,0.642326,0.723405,0.0648536,0.104137,0.579984,0.225439,0.561485,0.702943,0.56066,0.052804,0.603488,0.486598,0.676468,0.599369,0.804989,0.602146,0.269821,0.0229328
114,5,4,0.498256,0.636491,0.0770583,0.149,0.0585509,0.695416,0.334238,0.745925,0.784897,0.981969,0.707681,0.209842,0.788615,0.825131,0.517269,0.520297,0.440199,0.373463,0.147453,0.122377,0.328193,0.735506,0.434019,0.235858,0.0886004,0.371422,0.220612,0.0625422,0.598225,0.801367,0.735663,0.766589
115,5,3,0.933113,0.299444,0.642565,0.17348,0.421248,0.637553,0.636177,0.496166,0.785652,0.178252,0.118336,0.685911,0.409905,0.991126,0.839802,0.74722,0.383833,0.739986,0.571872,0.950313,0.587769,0.202936,0.184476,0.56555,0.362235,0.979647,0.334511,0.165294,0.0261967,0.700252,0.0241918,0.58581
116,3,4,0.273071,0.697671,0.518079,0.929617,0.298726,0.782582,0.940679,0.0561361,0.259297,0.852728,0.429657,0.225541,0.87273,0.376914,0.841934,0.461733,0.186101,0.480906,0.802643,0.43518,0.458187,0.937353,0.482969,0.706019,0.13348,0.631171,0.0806015,0.049842,0.727939,0.903913,0.496461,0.90939
117,4,3,0.729508,0.0070292,0.765513,0.0572802,0.158908,0.225224,0.610225,0.131349,0.135354,0.398836,0.751375,0.922623,0.656955,0.47206,0.956615,0.0134026,0.068958,0.282746,0.0570547,0.0445949,0.282187,0.0362876,0.261706,0.27572,0.246979,0.275612,0.906255,0.787127,0.249546,0.974835,0.27195,0.371207
118,5,2,0.44974,0.844789,0.776711,0.268139,0.0653662,0.156382,0.487571,0.85309,0.0336136,0.0465006,0.0626532,0.619699,0.906437,0.561993,0.139245,0.34592,0.532421,0.31519,0.411096,0.771858,0.347343,0.0864246,0.899833,0.236784,0.0218234,0.732449,0.66379,0.548321,0.963394,0.127988,0.560168,0.882136
119,2,1,0.0522579,0.827868,0.418793,0.787713,0.260158,0.624425,0.730821,0.494481,0.981297,0.979551,0.25653,0.144965,0.654175,0.725156,0.198098,0.191191,0.56533,0.338263,0.463932,0.308699,0.972005,0.947036,0.608527,0.967356,0.349506,0.183015,0.114096,0.0220352,0.151247,0.720008,0.225317,0.41799
120,3,5,0.850616,0.683754,0.561223,0.545106,0.523391,0.980517,0.114769,0.227409,0.86014,0.403978,0.722814,0.542546,0.0676684,0.7917,0.707835,0.548839,0.543538,0.6129,0.0817253,0.226147,0.458301,0.846919,0.484696,0.428631,0.165775,0.14096,0.945698,0.664188,0.849975,0.21609,0.669022,0.0975625
121,5,4,0.411766,0.460162,0.650973,0.749284,0.545432,0.290588,0.0622731,0.78697,0.512503,0.111936,0.806404,0.355973,0.45924,0.978062,0.0519566,0.79399,0.786278,0.497256,0.201364,0.339777,0.258621,0.872136,0.164706,0.544848,0.330215,0.758425,0.756751,0.754108,0.519386,0.0179457,0.204881,0.126254
122,4,3,0.879582,0.16162,0.870578,0.255493,0.238796,0.946638,0.451239,0.560182,0.98499,0.75073,0.772012,0.557981,0.0271674,0.552514,0.0652046,0.0941519,0.463931,0.343663,0.90922,0.282431,0.538702,0.390728,0.497813,0.798344,0.105474,0.371933,0.65678,0.451697,0.822103,0.397381,0.38042,0.093408
123,5,5,0.964477,0.195609,0.203766,0.186723,0.52333,0.0940361,0.287138,0.356671,0.792854,0.757482,0.577593,0.276442,0.634582,0.312349,0.797914,0.642675,0.39597,0.195841,0.91509,0.896958,0.533029,0.520191,0.157955,0.447603,0.695899,0.55782,0.793261,0.166034,0.316762,0.613473,0.857179,0.363101
124,5,1,0.276904,0.168854,0.983521,0.507051,0.140712,0.598113,0.202016,0.0333836,0.184225,0.363693,0.89399,0.732635,0.654293,0.820378,0.152104,0.313162,0.440323,0.798593,0.615298,0.967756,0.0834641,0.856874,0.882416,0.117644,0.803604,0.73973,0.505207,0.319667,0.967127,0.988416,0.417761,0.485359
125,3,1,0.66792,0.725186,0.634671,0.323011,0.165955,0.997078,0.881928,0.979782,0.42749,0.656134,0.162233,0.129826,0.0126075,0.686861,0.559756,0.0930305,0.5274,0.0293642,0.719354,0.822958,0.890258,0.209753,0.0794066,0.379027,0.731497,0.973457,0.187412,0.336841,0.858177,0.29649,0.819063,0.918208
126,3,1,0.710243,0.759582,0.31435,0.988066,0.471168,0.901296,0.821637,0.651668,0.459265,0.314061,0.357798,0.254322,0.494212,0.819255,0.828249,0.879822,0.335208,0.525435,0.173762,0.24434,0.712014,0.112943,0.825978,0.0871795,0.100637,0.719077,0.239874,0.420119,0.141972,0.90536,0.347941,0.739671
127,5,1,0.748826,0.613777,0.651148,0.435505,0.620929,0.57725,0.352375,0.738069,0.841448,0.806196,0.471287,0.843737,0.979105,0.253975,0.634142,0.0311156,0.126265,0.739295,0.676178,0.106344,0.325104,0.31492,0.686327,0.00381714,0.0696412,0.681669,0.174881,0.167132,0.855737,0.655282,0.22718,0.991743
128,4,1,0.279276,0.077078,0.642882,0.34038,0.694151,0.866387,0.512655,0.21553,0.305311,0.360378,0.212644,0.0685054,0.0331893,0.763155,0.303946,0.408306,0.653163,0.759249,0.938305,0.903608,0.871204,0.232763,0.766065,0.807396,0.788447,0.0590939,0.664985,0.898847,0.260287,0.650769,0.907195,0.874227
129,5,5,0.560441,0.169081,0.110989,0.389759,0.447056,0.379503,0.460358,0.22673,0.864564,0.381612,0.546648,0.128849,0.380401,0.412761,0.9768,0.802354,0.110721,0.47907,0.422548,0.0180001,0.0420247,0.421444,0.739904,0.027175,0.918077,0.966243,0.280037,0.127454,0.858342,0.707688,0.292218,0.972776
130,2,5,0.753962,0.699315,0.804907,0.839461,0.0180066,0.981799,0.96281,0.621345,0.726671,0.559185,0.304751,0.628238,0.829395,0.532676,0.281521,0.635089,0.872754,0.449842,0.11258,0.218443,0.703686,0.120247,0.540698,0.0683409,0.0965345,0.263316,0.241894,0.0461236,0.012404,0.567171,0.468768,0.283828
131,5,4,0.598357,0.0742409,0.297238,0.226351,0.299919,0.730246,0.743193,0.598808,0.0481428,0.0644913,0.902895,0.877239,0.852264,0.877262,0.667805,0.330408,0.593222,0.340406,0.892303,0.989028,0.18533,0.626176,0.0789692,0.531317,0.23951,0.838152,0.794578,0.28529,0.0346703,0.429183,0.582807,0.267777
132,4,1,0.855696,0.573349,0.521446,0.658825,0.0636409,0.252307,0.831374,0.220225,0.598979,0.488375,0.114933,0.737566,0.0938573,0.52524,0.909627,0.0326457,0.6692,0.868551,0.829287,0.0646869,0.878979,0.955824,0.571772,0.025142,0.517446,0.69445,0.430427,0.0822071,0.316947,0.910677,0.434596,0.464433
133,3,2,0.601923,0.340816,0.892523,0.164825,0.44338,0.170582,0.60709,0.948108,0.631308,0.445246,0.591697,0.788802,0.702634,0.639606,0.237433,0.676426,0.512364,0.131693,0.104225,0.234184,0.384511,0.78675,0.487667,0.970766,0.652224,0.262676,0.950531,0.271569,0.600651,0.472897,0.743594,0.98384
134,1,5,0.634104,0.406972,0.0709322,0.89148,0.254392,0.00292103,0.361853,0.039766,0.472493,0.604072,0.0456487,0.90738,0.140024,0.238857,0.276814,0.469642,0.971533,0.450465,0.331347,0.472971,0.482041,0.62252,0.196098,0.469744,0.61078,0.447468,0.280683,0.474288,0.206993,0.590867,0.516573,0.537008
135,5,1,0.00766404,0.0494969,0.219069,0.833317,0.0367214,0.843925,0.108026,0.284908,0.338861,0.462852,0.802586,0.438538,0.572049,0.21851,0.512668,0.396797,0.293489,0.0443878,0.931754,0.277822,0.397015,0.816682,0.0870928,0.284562,0.617067,0.818207,0.113838,0.531599,0.345223,0.879863,0.507412,0.57478
136,4,1,0.493547,0.67542,0.702259,0.0448536,0.992817,0.450597,0.131489,0.929427,0.274732,0.165204,0.394576,0.389872,0.421828,0.72986,0.411021,0.882259,0.907611,0.670943,0.714033,0.258173,0.607905,0.674608,0.309373,0.296728,0.82379,0.718429,0.95506,0.954033,0.821198,0.721393,0.0015651,0.862881
137,4,4,0.0511354,0.717572,0.257607,0.829588,0.0595247,0.0405587,0.603795,0.871598,0.68659,0.256694,0.114488,0.665292,0.383839,0.800355,0.456237,0.662665,0.369053,0.0922848,0.121025,0.596322,0.418948,0.549584,0.751178,0.900321,0.0710077,0.40424,0.08018,0.321081,0.354771,0.749851,0.941726,0.412675
138,2,3,0.67867,0.64645,0.36192,0.888039,0.593661,0.598692,0.0101312,0.502154,0.636096,0.138871,0.913287,0.115738,0.612573,0.154322,0.873699,0.171848,0.723973,0.637877,0.120558,0.740981,0.902453,0.529992,0.0664438,0.829018,0.533967,0.991263,0.142137,0.820013,0.0117066,0.694882,0.422034,0.532493
139,4,2,0.486,0.0843924,0.5772,0.399369,0.0437391,0.910135,0.123003,0.808023,0.558642,0.216051,0.343167,0.466608,0.729173,0.816723,0.652292,0.0673845,0.845604,0.387393,0.692493,0.851841,0.429931,0.403898,0.672967,0.0776146,0.275381,0.542534,0.306313,0.861742,0.788985,0.590286,0.44642,0.226279
140,1,2,0.822422,0.450123,0.857562,0.579266,0.916635,0.759351,0.430985,0.0988736,0.318867,0.889652,0.582199,0.0123097,0.371172,0.370052,0.601074,0.0274203,0.705586,0.392974,0.688405,0.525813,0.374553,0.511681,0.16686,0.165628,0.430529,0.645741,0.142594,0.0447784,0.890097,0.761907,0.345877,0.946644
141,1,5,0.0254478,0.517239,0.645822,0.37891,0.636902,0.00671039,0.340604,0.385875,0.0717119,0.79172,0.409629,0.595989,0.311217,0.10126,0.677121,0.847139,0.605779,0.531085,0.364594,0.841723,0.217893,0.580222,0.988036,0.559688,0.454002,0.105259,0.688274,0.16736,0.140553,0.972025,0.48559,0.228487
142,4,5,0.505455,0.531913,0.964017,0.135789,0.384207,0.0993022,0.038996,0.208864,0.0309558,0.925637,0.387987,0.41415,0.160025,0.395434,0.0233521,0.313206,0.756214,0.147062,0.458523,0.487851,0.289245,0.130048,0.900083,0.83548,0.116139,0.370397,0.955919,0.374804,0.313967,0.474006,0.888404,0.444128
143,1,1,0.826707,0.545381,0.984013,0.0882017,0.288405,0.606877,0.961136,0.151584,0.389482,0.0309376,0.385512,0.970742,0.340387,0.773539,0.541408,0.980109,0.154145,0.477878,0.553711,0.532258,0.541705,0.168337,0.761902,0.246907,0.83365,0.838549,0.440441,0.356186,0.302333,0.826815,0.259335,0.709014
144,4,3,0.0576476,0.507446,0.342448,0.677387,0.270248,0.235037,0.966417,0.830689,0.557709,0.544828,0.347277,0.165242,0.580468,0.582984,0.139197,0.999714,0.444044,0.150521,0.626234,0.816757,0.488898,0.207309,0.401779,0.782388,0.993848,0.734578,0.880315,0.300489,0.623406,0.325823,0.569377,0.792521
145,5,1,0.201312,0.730818,0.395138,0.147984,0.0394595,0.852558,0.475546,0.710885,0.543025,0.906943,0.22775,0.132372,0.964029,0.593014,0.909455,0.599121,0.722143,0.353461,0.533387,0.458466,0.869969,0.0379816,0.130652,0.74586,0.79051,0.549322,0.124821,0.057741,0.794211,0.680756,0.275768,0.466782
146,5,3,0.944042,0.969608,0.148796,0.949112,0.462676,0.512902,0.980987,0.0936724,0.483407,0.754621,0.863548,0.491931,0.588732,0.302447,0.37533,0.491418,0.285784,0.522444,0.203223,0.562712,0.761798,0.441224,0.386541,0.605755,0.511275,0.918735,0.492325,0.362268,0.577279,0.725716,0.865577,0.894453
147,5,4,0.407584,0.443456,0.827519,0.602117,0.764528,0.591407,0.573529,0.806589,0.956047,0.476483,0.200475,0.996123,0.109264,0.0594716,0.853962,0.00316785,0.43915,0.640198,0.846969,0.298435,0.89309,0.240382,0.0624576,0.311899,0.883465,0.256048,0.448319,0.03079,0.510432,0.971533,0.626593,0.220745
148,2,1,0.0191161,0.762596,0.476843,0.929257,0.687722,0.0305495,0.722707,0.872048,0.692532,0.527226,0.134435,0.632544,0.299396,0.64447,0.358716,0.819798,0.804437,0.333407,0.27876,0.733051,0.210705,0.528578,0.957448,0.793394,0.00886328,0.990546,0.997821,0.200651,0.676821,0.994649,0.828469,0.0898122
149,1,2,0.0143153,0.0441619,0.73787,0.341782,0.834145,0.632906,0.740476,0.0690295,0.14285,0.00566581,0.753428,0.937091,0.768923,0.821927,0.65854,0.809183,0.766116,0.884424,0.845921,0.700034,0.613604,0.104404,0.0886047,0.3991,0.487628,0.723149,0.0776493,0.280334,0.407543,0.687406,0.407106,0.0244985
150,2,5,0.348821,0.54913,0.110998,0.63209,0.808235,0.577041,0.947688,0.697756,0.0723165,0.00608874,0.955115,0.100941,0.522577,0.868944,0.299566,0.681749,0.0768621,0.112932,0.500624,0.842074,0.794516,0.242231,0.707087,0.47826,0.050226,0.145197,0.0729018,0.71011,0.402873,0.666854,0.29529,0.211112
151,3,3,0.281004,0.401306,0.803483,0.292515,0.929228,0.15233,0.405103,0.266168,0.906111,0.0220269,0.321496,0.583257,0.476437,0.842231,0.226029,0.54898,0.640476,0.219274,0.978981,0.0336692,0.603493,0.214628,0.357814,0.416121,0.647817,0.759611,0.122921,0.187843,0.888659,0.719791,0.503084,0.866933
152,4,4,0.585865,0.821432,0.624784,0.554657,0.0717758,0.637091,0.682617,0.526278,0.241932,0.463173,0.713953,0.234653,0.822535,0.303194,0.803959,0.28997,0.552501,0.563289,0.52017,0.119954,0.142876,0.916792,0.775346,0.720655,0.271409,0.401446,0.496695,0.158624,0.284274,0.881992,0.133828,0.823778
153,2,3,0.054332,0.271547,0.748645,0.402447,0.317587,0.102748,0.000134699,0.18904,0.511129,0.783017,0.0468519,0.715039,0.27617,0.593486,0.706976,0.895727,0.0626896,0.583266,0.839338,0.466968,0.00381992,0.340371,0.246824,0.940449,0.740904,0.0827155,0.31627,0.930887,0.101892,0.826715,0.360234,0.12993
154,4,5,0.842712,0.866548,0.313348,0.571809,0.788932,0.9072,0.891872,0.942984,0.433817,0.422385,0.909943,0.377314,0.377318,0.936321,0.964078,0.67514,0.0892895,0.116023,0.687019,0.0422917,0.493814,0.564629,0.387649,0.930171,0.632712,0.844249,0.703857,0.675848,0.00436327,0.139116,0.166953,0.254231
155,2,4,0.666385,0.182807,0.966048,0.278439,0.761038,0.129601,0.950773,0.676108,0.702541,0.943982,0.298052,0.268968,0.105365,0.475407,0.781824,0.63434,0.644149,0.999466,0.048186,0.104808,0.36005,0.498571,0.9568,0.38512,0.500401,0.86582,0.432729,0.475968,0.4577,0.110978,0.208883,0.634424
156,4,4,0.369813,0.00288125,0.052355,0.858957,0.767568,0.186023,0.416504,0.552069,0.82218,0.415798,0.850348,0.719654,0.211994,0.371162,0.657353,0.869763,0.472282,0.730496,0.880157,0.647713,0.215741,0.796241,0.677813,0.754023,0.607752,0.0359387,0.295301,0.394734,0.136601,0.930807,0.65164,0.125724
157,1,4,0.315627,0.974592,0.644833,0.0521986,0.395131,0.682194,0.713207,0.468154,0.199215,0.579175,0.890215,0.0853413,0.28741,0.043007,0.367786,0.666867,0.058092,0.823309,0.111512,0.782015,0.515862,0.543806,0.267593,0.0998668,0.83548,0.688044,0.0146934,0.241889,0.379094,0.911069,0.337346,0.838265
158,1,3,0.124368,0.948846,0.413643,0.0314218,0.492865,0.7362,0.40429,0.330243,0.530938,0.906066,0.595132,0.266675,0.00992382,0.724856,0.464095,0.877647,0.963499,0.0416568,0.519032,0.397648,0.677542,0.762309,0.311864,0.454919,0.773991,0.267253,0.772922,0.219805,0.521296,0.131518,0.976014,0.85713
159,1,3,0.0169477,0.0763849,0.770158,0.38258,0.807156,0.367734,0.120207,0.181739,0.265583,0.435508,0.0175524,0.332099,0.293309,0.341804,0.773142,0.739027,0.517961,0.223263,0.348096,0.64186,0.371739,0.57065,0.00135362,0.568093,0.299801,0.663007,0.646459,0.548382,0.974194,0.879255,0.847061,0.67558
160,5,4,0.898561,0.829763,0.783198,0.606147,0.780376,0.291144,0.457996,0.207095,0.398005,0.152328,0.302916,0.899455,0.0656949,0.710135,0.228235,0.937378,0.246604,0.603292,0.484077,0.473401,0.747444,0.0597165,0.47381,0.671642,0.0578445,0.582209,0.95779,0.990209,0.942724,0.239159,0.78519,0.530737
161,2,5,0.544482,0.644591,0.962768,0.561294,0.075605,0.776928,0.365681,0.204981,0.225381,0.725627,0.195833,0.619735,0.140803,0.896075,0.622414,0.847194,0.781322,0.315147,0.578298,0.276237,0.146963,0.981653,0.811124,0.527265,0.635955,0.906421,0.388166,0.163881,0.67413,0.642819,0.259905,0.80986
162,1,4,0.917486,0.33734,0.290505,0.724981,0.469988,0.538813,0.890141,0.0606289,0.707721,0.69,0.0622032,0.690097,0.147303,0.930607,0.00784159,0.497312,0.630922,0.230251,0.447673,0.0445638,0.134275,0.415642,0.957934,0.301917,0.52966,0.761088,0.241893,0.354268,0.500604,0.949071,0.67962,0.96231
163,1,4,0.274704,0.92866,0.806965,0.760854,0.459665,0.54686,0.546577,0.180308,0.432816,0.458598,0.0438999,0.560874,0.16575,0.863962,0.445542,0.481333,0.209185,0.897675,0.049979,0.674349,0.84365,0.136999,0.981193,0.994981,0.793143,0.527233,0.853785,0.391858,0.241977,0.659114,0.960627,0.108893
164,3,5,0.95143,0.498236,0.994819,0.406674,0.711723,0.95302,0.981144,0.52254,0.56954,0.219117,0.259542,0.458963,0.436996,0.919387,0.593561,0.176095,0.0730816,0.213957,0.622343,0.0130296,0.981178,0.01419,0.190108,0.829392,0.792595,0.732123,0.907899,0.355041,0.943702,0.698311,0.960136,0.395206
165,2,5,0.977308,0.967053,0.75731,0.392794,0.161671,0.854222,0.4769,0.773089,0.718331,0.31,0.24734,0.23204,0.640615,0.458235,0.6666,0.781349,0.1627,0.960168,0.565085,0.763579,0.771627,0.855207,0.498896,0.603064,0.0121031,0.835408,0.00903847,0.784421,0.357029,0.376986,0.926194,0.55199
166,4,3,0.634364,0.0460567,0.222076,0.808079,0.32167,0.177888,0.848042,0.514684,0.728861,0.808275,0.0953993,0.253821,0.428702,0.245807,0.0291698,0.402764,0.48089,0.894643,0.662434,0.000442783,0.118503,0.901383,0.288885,0.153807,0.397837,0.990086,0.919531,0.954847,0.993255,0.494675,0.0449113,0.51272
167,3,5,0.371724,0.635444,0.392458,0.0907217,0.754265,0.0326179,0.918426,0.0577029,0.950929,0.444365,0.577123,0.275548,0.357121,0.62204,0.787549,0.992442,0.251001,0.386323,0.564074,0.573841,0.358578,0.415604,0.656631,0.847272,0.240399,0.902236,0.191593,0.877356,0.918239,0.974372,0.101804,0.0275192
168,5,3,0.220853,0.751772,0.03893,0.228694,0.0360188,0.95632,0.175222,0.148178,0.86677,0.67955,0.282479,0.22489,0.950459,0.431381,0.581622,0.71916,0.436614,0.563325,0.580089,0.427502,0.516698,0.326338,0.758776,0.83966,0.282496,0.143814,0.35305,0.430103,0.894094,0.903758,0.946456,0.84585
169,5,1,0.419448,0.763108,0.780366,0.823161,0.476336,0.888887,0.49754,0.544506,0.20468,0.204461,0.59113,0.255309,0.186136,0.295695,0.331565,0.593802,0.85503,0.0328096,0.207076,0.636042,0.0711583,0.364354,0.0690076,0.295242,0.940785,0.879497,0.50692,0.460002,0.409412,0.095053,0.810879,0.826747
170,5,2,0.332191,0.726749,0.693618,0.773906,0.771123,0.352603,0.654651,0.824788,0.151595,0.515659,0.875883,0.463294,0.539095,0.0454033,0.282472,0.290029,0.425228,0.93101,0.0375711,0.391824,0.127867,0.546701,0.765547,0.532022,1.16359e-05,0.590431,0.416566,0.061331,0.52251,0.362176,0.0546344,0.723128
171,1,1,0.226125,0.203578,0.304199,0.0100906,0.303943,0.437482,0.230417,0.882734,0.00147383,0.0519009,0.729345,0.191119,0.966846,0.310085,0.224293,0.731725,0.663047,0.640636,0.741896,0.415944,0.848425,0.759069,0.422629,0.609631,0.302931,0.896041,0.325295,0.818027,0.712621,0.252814,0.816779,0.271439
172,2,2,0.370941,0.336965,0.90194,0.999544,0.806693,0.405751,0.984858,0.220488,0.754248,0.762483,0.393195,0.542471,0.590638,0.149601,0.661014,0.38069,0.0784558,0.41447,0.544497,0.75383,0.709321,0.0206714,0.167321,0.26902,0.780632,0.517596,0.583773,0.268847,0.952222,0.628434,0.0424223,0.481867
173,5,2,0.601554,0.949209,0.29656,0.632159,0.714424,0.129941,0.759005,0.560092,0.102516,0.780732,0.513854,0.70849,0.508891,0.172089,0.369281,0.97242,0.932925,0.448814,0.827506,0.159025,0.697209,0.180196,0.714327,0.098235,0.461716,0.803518,0.920995,0.12203,0.694595,0.125125,0.728981,0.850472
174,2,1,0.274072,0.0308579,0.807071,0.0518953,0.195241,0.14217,0.345342,0.213393,0.33561,0.665146,0.978525,0.157326,0.856537,0.118874,0.70117,0.764719,0.727057,0.671055,0.562073,0.435324,0.947091,0.54931,0.496259,0.311984,0.380518,0.4825,0.163035,0.506673,0.786206,0.387237,0.734444,0.906572
175,5,4,0.0251934,0.782171,0.838997,0.124383,0.011418,0.797547,0.7037,0.615912,0.970257,0.843278,0.437661,0.0975143,0.234973,0.558981,0.704871,0.501088,0.817128,0.706193,0.54643,0.534291,0.967035,0.540735,0.0516687,0.429596,0.504796,0.308834,0.718454,0.482264,0.862641,0.118492,0.179256,0.961513
176,4,1,0.552707,0.952467,0.396554,0.226727,0.131715,0.879341,0.865296,0.80879,0.157273,0.677152,0.309788,0.625029,0.290046,0.31655,0.871414,0.816411,0.672703,0.501515,0.796681,0.0708916,0.250468,0.312863,0.624874,0.935297,0.571746,0.85068,0.83283,0.981906,0.906087,0.627993,0.0121568,0.24751
177,2,2,0.0518358,0.186914,0.548859,0.0197957,0.287633,0.390682,0.306777,0.191428,0.352959,0.411655,0.621292,0.934994,0.33405,0.43054,0.732699,0.877985,0.404527,0.605505,0.0683532,0.247132,0.78376,0.355855,0.285758,0.0839195,0.432767,0.333463,0.685444,0.677541,0.332456,0.0721111,0.0565857,0.205401
178,1,5,0.944449,0.98205,0.641734,0.784862,0.671479,0.733487,0.632282,0.116191,0.198992,0.780996,0.418334,0.785269,0.75094,0.601103,0.101373,0.990362,0.277853,0.325254,0.276319,0.941272,0.432019,0.914731,0.980369,0.0114807,0.0675026,0.450117,0.518701,0.977104,0.179365,0.103121,0.970677,0.547785
179,5,1,0.403601,0.555495,0.737885,0.189815,0.704554,0.582183,0.422729,0.204441,0.346524,0.519704,0.397612,0.0740422,0.264276,0.605483,0.205333,0.51679,0.48304,0.740161,0.268534,0.6307,0.287462,0.549606,0.656756,0.689779,0.968537,0.143942,0.603637,0.59536,0.0769795,0.172111,0.0755836,0.925522
180,5,1,0.297291,0.430375,0.092067,0.695798,0.599045,0.458022,0.623649,0.0920952,0.648505,0.553379,0.267402,0.641632,0.0151107,0.703792,0.965015,0.37326,0.250893,0.56366,0.676026,0.450686,0.70663,0.672056,0.610007,0.583557,0.312907,0.525756,0.271096,0.249524,0.597668,0.00201851,0.866096,0.174082
181,5,4,0.105906,0.449085,0.154829,0.612258,0.944736,0.213085,0.736535,0.939057,0.882994,0.00668213,0.202633,0.772301,0.587586,0.625205,0.70114,0.373555,0.680112,0.0504889,0.408152,0.627487,0.0153949,0.385614,0.582926,0.936267,0.253102,0.54199,0.450254,0.939651,0.957581,0.220484,0.399035,0.725726
182,4,4,0.188541,0.739408,0.67246,0.214668,0.977007,0.664995,0.101893,0.49804,0.00831994,0.742825,0.433583,0.327045,0.0926255,0.890057,0.748384,0.0843013,0.914549,0.807189,0.434021,0.86132,0.258712,0.817252,0.434403,0.512726,0.723448,0.438385,0.00905416,0.996262,0.589454,0.229172,0.613292,0.546876
183,1,2,0.242022,0.700868,0.714053,0.204025,0.0913915,0.653994,0.19927,0.81837,0.87747,0.0500186,0.738723,0.911521,0.0137456,0.0295041,0.248376,0.355971,0.214406,0.0158132,0.270806,0.0771452,0.24756,0.911168,0.0625263,0.354861,0.458941,0.424772,0.732733,0.215344,0.606732,0.597096,0.672872,0.594803
184,2,5,0.951491,0.333035,0.838492,0.884964,0.80509,0.383284,0.822984,0.493501,0.932711,0.283305,0.544254,0.78677,0.200282,0.397448,0.616784,0.513611,0.742881,0.253357,0.737917,0.98766,0.521449,0.291496,0.0684587,0.770743,0.371113,0.427496,0.920767,0.206217,0.584449,0.799719,0.538332,0.333607
185,1,2,0.368449,0.915257,0.895346,0.859824,0.666463,0.0350079,0.787387,0.787373,0.454345,0.411339,0.630247,0.873723,0.248384,0.637954,0.705461,0.833643,0.427601,0.499432,0.442546,0.535025,0.649322,0.144388,0.936281,0.783987,0.0640064,0.41939,0.824743,0.50008,0.292383,0.785098,0.443919,0.598845
186,5,5,0.301046,0.590233,0.502631,0.407633,0.0561761,0.469526,0.491096,0.0283113,0.927111,0.210029,0.105393,0.281038,0.764441,0.71296,0.409671,0.0114925,0.655174,0.408777,0.260237,0.924027,0.159492,0.111881,0.160463,0.516424,0.0704919,0.786522,0.185647,0.942531,0.664219,0.746777,0.881691,0.720566
187,3,2,0.685134,0.446201,0.110432,0.805845,0.289187,0.0079644,0.309807,0.924561,0.249957,0.443307,0.515006,0.55338,0.535554,0.254882,0.356886,0.742531,0.353789,0.0766358,0.828556,0.872636,0.789293,0.828117,0.307796,0.21606,0.913788,0.809324,0.952815,0.786358,0.326743,0.632217,0.354425,0.37352
188,1,4,0.941121,0.231784,0.876319,0.318609,0.102568,0.903558,0.392731,0.0776408,0.553371,0.828871,0.503132,0.34889,0.193863,0.521599,0.858817,0.794486,0.676941,0.884377,0.837908,0.344781,0.858764,0.461843,0.748356,0.414516,0.439211,0.013251,0.610547,0.295943,0.160365,0.459189,0.673645,0.411094
189,2,1,0.69395,0.384804,0.229598,0.489376,0.117551,0.429609,0.165284,0.740626,0.00199213,0.862972,0.71874,0.531889,0.732401,0.789432,0.514933,0.296787,0.161363,0.54137,0.0835543,0.34523,0.019129,0.414201,0.165748,0.732414,0.890856,0.881662,0.241537,0.121495,0.354271,0.634639,0.105345,0.582144
190,3,2,0.519225,0.211894,0.607753,0.311002,0.245352,0.166931,0.0577322,0.243729,0.391033,0.267601,0.234203,0.335674,0.219554,0.74939,0.959863,0.571912,0.6163,0.986247,0.556878,0.414736,0.415775,0.753865,0.428944,0.871468,0.540905,0.678979,0.69643,0.411865,0.702146,0.753595,0.171694,0.203667
191,1,4,0.411958,0.546685,0.870527,0.575409,0.631419,0.0221415,0.532504,0.945114,0.115395,0.696627,0.605638,0.495704,0.117204,0.933127,0.337207,0.439096,0.142842,0.980436,0.692074,0.512285,0.206252,0.114286,0.391859,0.764801,0.895675,0.678898,0.204316,0.772987,0.507805,0.951442,0.419272,0.776489
192,3,3,0.792758,0.857309,0.0690459,0.673246,0.474255,0.408119,0.560678,0.88562,0.628426,0.2219,0.688632,0.714641,0.253272,0.881563,0.00997878,0.731317,0.723444,0.697275,0.535657,0.752638,0.836118,0.465055,0.821388,0.874171,0.843326,0.203436,0.485095,0.127386,0.333628,0.285509,0.791558,0.531577
193,1,3,0.183442,0.820599,0.854974,0.404569,0.88256,0.484344,0.46631,0.0133677,0.0756997,0.409739,0.387826,0.647774,0.803538,0.0155083,0.901774,0.280882,0.203473,0.207956,0.0669736,0.0419854,0.87735,0.47926,0.389405,0.181723,0.541761,0.743082,0.968066,0.847928,0.0665647,0.545585,0.648318,0.981707
194,2,5,0.375469,0.513368,0.803815,0.989218,0.433472,0.231548,0.997182,0.942546,0.559059,0.0428376,0.321162,0.446387,0.220111,0.0700035,0.350521,0.729235,0.372533,0.608409,0.0687137,0.706634,0.369574,0.37448,0.464239,0.369482,0.722738,0.0453193,0.656729,0.349945,0.708766,0.929288,0.00836368,0.379227
195,4,2,0.661684,0.842326,0.483989,0.373241,0.00531348,0.631989,0.804495,0.0953716,0.77281,0.103679,0.548419,0.0486577,0.0664633,0.581015,0.766515,0.426071,0.583714,0.548032,0.78196,0.521073,0.751747,0.350203,0.803002,0.677473,0.518008,0.758502,0.140325,0.0146283,0.671157,0.207242,0.620474,0.713236
196,2,1,0.169881,0.662484,0.194975,0.346963,0.89041,0.390755,0.749978,0.158679,0.908229,0.258231,0.758715,0.605412,0.597155,0.433163,0.654133,0.774303,0.889128,0.852585,0.578807,0.541646,0.632391,0.758267,0.156477,0.306905,0.473921,0.414971,0.716397,0.712778,0.270943,0.386212,0.202254,0.588505
197,4,2,0.241501,0.599771,0.214913,0.861514,0.424851,0.86864,0.907839,0.724344,0.50706,0.745753,0.18792,0.557927,0.0769717,0.584668,0.696156,0.133651,0.382799,0.443859,0.821831,0.450776,0.659511,0.958498,0.796241,0.431087,0.271946,0.549343,0.692359,0.533251,0.264062,0.636762,0.939068,0.748233
198,1,3,0.324512,0.528724,0.269512,0.825918,0.190927,0.463115,0.694641,0.278458,0.218716,0.654709,0.595303,0.823767,0.264635,0.0631403,0.661969,0.77679,0.81494,0.821648,0.778025,0.461523,0.760851,0.983306,0.187722,0.786708,0.0883849,0.773663,0.698949,0.747839,0.368347,0.150608,0.432346,0.217231
199,3,4,0.259576,0.264004,0.0336764,0.415241,0.879186,0.888464,0.243397,0.824327,0.557337,0.63004,0.0389793,0.85812,0.666847,0.783772,0.323027,0.428985,0.897919,0.201065,0.888118,0.514201,0.325291,0.736229,0.900961,0.43642,0.996158,0.666772,0.825416,0.0943274,0.844871,0.748005,0.249009,0.812714
200,2,1,0.0672559,0.967264,0.0949179,0.826652,0.998893,0.903094,0.326639,0.933571,0.748184,0.801348,0.806665,0.674259,0.858023,0.00571857,0.997628,0.465826,0.241496,0.571162,0.0403508,0.30403,0.411192,0.318104,0.130081,0.961159,0.0224259,0.891711,0.360427,0.849179,0.783738,0.406012,0.566181,0.0136986
201,3,4,0.654342,0.312196,0.232018,0.0157429,0.0143814,0.0171498,0.764353,0.916603,0.623743,0.706159,0.762303,0.308956,0.038938,0.132645,0.83712,0.511636,0.619526,0.00534616,0.563395,0.938414,0.624614,0.414815,0.864433,0.402335,0.586937,0.390594,0.58095,0.0693283,0.990679,0.638322,0.75673,0.733004
202,3,5,0.707397,0.138435,0.38923,0.57884,0.228875,0.569484,0.596852,0.868411,0.928182,0.379128,0.929139,0.371486,0.341905,0.618527,0.527677,0.633073,0.211636,0.469285,0.995631,0.443059,0.981118,0.494148,0.649509,0.861045,0.804414,0.461167,0.7151,0.939932,0.593158,0.504004,0.053348,0.949201
203,4,3,0.674786,0.362431,0.677532,0.863641,0.373123,0.110063,0.941692,0.925047,0.167357,0.631644,0.500359,0.0543907,0.690884,0.644257,0.697136,0.974248,0.648639,0.0698007,0.275288,0.554688,0.156207,0.747794,0.63594,0.810259,0.599302,0.413827,0.179356,0.204167,0.705139,0.0423423,0.455172,0.579726
204,3,4,0.837367,0.948744,0.169728,0.0606049,0.0191449,0.685395,0.779103,0.0249662,0.609697,0.171434,0.69964,0.453579,0.838155,0.454872,0.802811,0.685701,0.96092,0.910213,0.535935,0.639032,0.488496,0.953535,0.401887,0.881616,0.153691,0.5845,0.572607,0.833792,0.277013,0.642578,0.921308,0.0785578
205,5,1,0.59284,0.0949084,0.354925,0.594083,0.0519894,0.70264,0.0317438,0.0665276,0.423335,0.230795,0.0845654,0.915672,0.606847,0.616314,0.880973,0.246286,0.882915,0.69068,0.659045,0.596776,0.211232,0.501576,0.862997,0.976187,0.886093,0.683454,0.196654,0.375441,0.737426,0.800073,0.28652,0.884583
206,1,3,0.997238,0.200553,0.030026,0.216227,0.897366,0.691212,0.622631,0.60304,0.973383,0.618992,0.46501,0.940773,0.847388,0.775912,0.0623941,0.127937,0.335279,0.347507,0.0670165,0.435394,0.975343,0.395962,0.816974,0.669309,0.852547,0.891893,0.937965,0.306051,0.0851035,0.551877,0.385598,0.789409
207,1,5,0.210793,0.168118,0.229366,0.474951,0.469107,0.0552225,0.268562,0.942383,0.100978,0.0748212,0.167491,0.438457,0.147276,0.529881,0.973077,0.985304,0.759292,0.166022,0.967761,0.114432,0.43974,0.00870615,0.278368,0.155571,0.798293,0.207273,0.326254,0.630581,0.299383,0.219707,0.232506,0.0205208
208,3,4,0.256463,0.365596,0.35532,0.353697,0.673994,0.302479,0.0625648,0.975373,0.210507,0.170115,0.809024,0.898238,0.146922,0.776803,0.342645,0.0764799,0.864659,0.986729,0.154925,0.271366,0.0827368,0.0985829,0.484538,0.829314,0.30242,0.706676,0.563408,0.617219,0.803805,0.155981,0.137148,0.478496
209,5,1,0.505509,0.303624,0.144079,0.31169,0.623998,0.00314091,0.27364,0.174243,0.487834,0.875406,0.0822723,0.441746,0.459584,0.984235,0.306463,0.395708,0.822381,0.715186,0.0569787,0.281919,0.418607,0.36381,0.458431,0.190726,0.725006,0.347062,0.574288,0.547238,0.667212,0.991773,0.777049,0.664202
210,3,3,0.313875,0.0449614,0.538023,0.126356,0.840108,0.562555,0.989451,0.76516,0.889519,0.940419,0.371467,0.0158232,0.195167,0.52276,0.489393,0.470867,0.741641,0.656055,0.492569,0.559579,0.483181,0.687039,0.83823,0.658083,0.361404,0.117012,0.859795,0.799718,0.406805,0.123233,0.328233,0.698531
211,2,5,0.762447,0.513851,0.126002,0.903298,0.196419,0.889884,0.951445,0.817856,0.175492,0.510148,0.567727,0.73624,0.579314,0.512897,0.489624,0.869606,0.644745,0.402776,0.229827,0.970235,0.552662,0.932323,0.372173,0.741603,0.661667,0.279416,0.141224,0.131654,0.570877,0.854703,0.18527,0.165302
212,4,1,0.21871,0.490765,0.182838,0.406557,0.825711,0.903191,0.285708,0.603851,0.927124,0.576614,0.969927,0.558766,0.57126,0.37117,0.143001,0.785643,0.374548,0.252798,0.797732,0.938895,0.367391,0.893985,0.0870172,0.33748,0.556785,0.729464,0.845121,0.573223,0.795926,0.337649,0.175123,0.988522
213,1,5,0.220504,0.252646,0.218208,0.520074,0.874072,0.521953,0.249669,0.588933,0.263247,0.751676,0.000653389,0.623478,0.870669,0.600281,0.792595,0.0535145,0.627329,0.37653,0.750266,0.232056,0.152049,0.26537,0.458324,0.554338,0.351219,0.199505,0.0937765,0.293949,0.48613,0.237085,0.92074,0.948503
214,1,4,0.291461,0.609942,0.207541,0.924522,0.238147,0.785813,0.908435,0.589948,0.468069,0.00643521,0.466299,0.772516,0.760576,0.702488,0.154492,0.615254,0.487265,0.760424,0.429985,0.512922,0.596911,0.704083,0.999558,0.935172,0.769449,0.375805,0.397866,0.708122,0.827553,0.475688,0.170708,0.6744
215,1,3,0.204448,0.0454525,0.340412,0.6466,0.510581,0.226741,0.615129,0.670033,0.910606,0.46833,0.509854,0.773553,0.501276,0.123401,0.050243,0.626322,0.0349116,0.278471,0.55116,0.852982,0.438179,0.928384,0.83918,0.996398,0.16068,0.796007,0.0249717,0.753734,0.449039,0.215501,0.237479,0.336007
216,1,2,0.724598,0.773381,0.111593,0.914966,0.60832,0.189139,0.28105,0.922368,0.173496,0.695625,0.379752,0.610771,0.801446,0.199841,0.392094,0.055525,0.75077,0.568465,0.125486,0.651516,0.772771,0.210781,0.236933,0.556456,0.677393,0.856493,0.565782,0.835066,0.929145,0.927355,0.387323,0.365886
217,5,3,0.0191555,0.749426,0.826859,0.431112,0.524736,0.0875487,0.775244,0.282801,0.234426,0.418582,0.345084,0.292516,0.0301039,0.332206,0.961492,0.293776,0.667868,0.0414992,0.933205,0.637095,0.265496,0.597292,0.611464,0.653383,0.6785,0.19231,0.31755,0.295655,0.848109,0.619616,0.947161,0.599628
218,5,5,0.739067,0.350413,0.277465,0.912931,0.281616,0.33977,0.96336,0.455619,0.0102845,0.678114,0.71605,0.543021,0.706246,0.346886,0.62269,0.435645,0.990109,0.794481,0.311879,0.278129,0.339972,0.142255,0.0789394,0.313163,0.442798,0.849534,0.261049,0.0889897,0.343387,0.991696,0.834572,0.541003
219,3,1,0.185733,0.938996,0.372509,0.452814,0.928631,0.198491,0.0618085,0.164885,0.0923605,0.239989,0.162791,0.710133,0.595213,0.27295,0.150472,0.341425,0.968076,0.448779,0.446715,0.913233,0.501518,0.189393,0.246659,0.00502655,0.47096,0.0600964,0.661914,0.904766,0.751177,0.647516,0.753868,0.273041
220,1,5,0.90436,0.294267,0.817408,0.114797,0.757048,0.941533,0.0556055,0.784206,0.00687796,0.462391,0.212447,0.864963,0.663524,0.249458,0.411197,0.717121,0.402406,0.856133,0.884587,0.356769,0.895563,0.757464,0.909175,0.295072,0.313878,0.298857,0.691056,0.107057,0.271633,0.440058,0.19061,0.729712
221,4,1,0.342108,0.603797,0.429958,0.863136,0.830949,0.822495,0.119891,0.173343,0.734926,0.485817,0.531455,0.116924,0.287945,0.682153,0.49282,0.9499,0.299942,0.137089,0.596082,0.733883,0.433844,0.632238,0.164406,0.583605,0.116583,0.39012,0.546696,0.355132,0.902413,0.0452492,0.343958,0.217909
222,2,2,0.658661,0.581417,0.931555,0.105853,0.820981,0.873019,0.566605,0.523143,0.657031,0.69969,0.898386,0.410857,0.399519,0.56058,0.326795,0.942659,0.0108111,0.082734,0.826551,0.253938,0.800981,0.779988,0.104455,0.0987372,0.576857,0.0756611,0.463982,0.361541,0.118709,0.092168,0.980568,0.585078
223,2,1,0.0672342,0.895698,0.594847,0.7835,0.738867,0.699705,0.0324434,0.616944,0.658718,0.863466,0.532292,0.223062,0.103265,0.873109,0.172524,0.789492,0.567974,0.748161,0.296358,0.561256,0.938316,0.246244,0.81874,0.423548,0.983567,0.793571,0.259671,0.0317785,0.969724,0.782051,0.431234,0.240071
224,2,1,0.0503495,0.115701,0.0527653,0.02725,0.692011,0.523587,0.457929,0.21826,0.226522,0.989432,0.61397,0.574437,0.252858,0.137885,0.577632,0.688763,0.359209,0.897744,0.823552,0.745179,0.820696,0.0764399,0.47735,0.895884,0.350819,0.793929,0.36256,0.158304,0.805715,0.0517859,0.328179,0.557311
225,1,5,0.0846883,0.834591,0.466693,0.358335,0.482132,0.912892,0.840909,0.565688,0.221239,0.182672,0.380991,0.139599,0.808406,0.576472,0.823624,0.761884,0.384611,0.781506,0.459124,0.275757,0.303286,0.204247,0.932555,0.0167563,0.118644,0.679199,0.933749,0.0765683,0.683866,0.420761,0.531572,0.601682
226,3,5,0.475596,0.311802,0.407748,0.249772,0.161219,0.65416,0.65641,0.619239,0.971151,0.33211,0.562189,0.928102,0.714753,0.844862,0.0684505,0.223983,0.417667,0.239143,0.116358,0.5123,0.612796,0.773572,0.938482,0.0440404,0.661778,0.693335,0.076803,0.648236,0.354666,0.23148,0.550663,0.681353
227,3,2,0.833644,0.0467858,0.814671,0.319652,0.611831,0.438177,0.373458,0.89926,0.255336,0.962261,0.105874,0.444115,0.354898,0.750028,0.413173,0.531661,0.675823,0.537783,0.65816,0.2781,0.0701081,0.216956,0.395259,0.288005,0.181779,0.556328,0.156813,0.0291552,0.827302,0.907249,0.0419152,0.156284
228,4,4,0.168204,0.518276,0.87933,0.710115,0.557041,0.0957291,0.231381,0.317695,0.502427,0.968675,0.731486,0.262343,0.958118,0.31305,0.220446,0.836498,0.886182,0.0502144,0.934304,0.464613,0.916421,0.379617,0.635414,0.316587,0.629821,0.2857,0.403211,0.0913741,0.752398,0.314826,0.531294,0.0430524
229,2,5,0.428458,0.398228,0.731496,0.443904,0.824472,0.893595,0.146436,0.658055,0.83293,0.00805911,0.540297,0.943175,0.844666,0.237144,0.431302,0.107614,0.37904,0.768128,0.915061,0.500477,0.251169,0.433771,0.844212,0.249503,0.484021,0.547471,0.514095,0.274385,0.308468,0.901583,0.573042,0.215204
230,4,1,0.0392694,0.559405,0.271999,0.828488,0.00637904,0.712846,0.978355,0.696695,0.965747,0.324346,0.395155,0.233897,0.728371,0.210886,0.345806,0.857192,0.671093,0.820427,0.80543,0.440574,0.946756,0.132405,0.400212,0.382252,0.783298,0.619343,0.265928,0.454403,0.990332,0.780189,0.0257696,0.997623
231,2,2,0.659506,0.459651,0.688046,0.430984,0.120388,0.304493,0.93853,0.198096,0.181183,0.0656921,0.622753,0.887119,0.222676,0.419849,0.307216,0.496896,0.546459,0.916942,0.417193,0.77629,0.160226,0.130501,0.170936,0.56542,0.418145,0.442252,0.757283,0.797211,0.897965,0.724233,0.0841277,0.690406
232,3,1,0.100246,0.804964,0.0165925,0.0523913,0.661719,0.159625,0.602449,0.335623,0.163019,0.0768074,0.233813,0.234994,0.0237077,0.830151,0.834947,0.948252,0.974691,0.304602,0.13546,0.264516,0.231475,0.279893,0.86841,0.277719,0.926464,0.0359302,0.419627,0.926916,0.0506225,0.213698,0.0393918,0.420004
233,3,1,0.392895,0.857955,0.0286524,0.731157,0.583252,0.946756,0.0113025,0.781615,0.787372,0.313707,0.306433,0.247873,0.040258,0.697716,0.588352,0.364113,0.397684,0.566215,0.9738,0.00625747,0.544199,0.0618857,0.275239,0.535368,0.709439,0.566072,0.271492,0.751453,0.904243,0.131965,0.374722,0.513183
234,3,4,0.0505731,0.0931961,0.426121,0.410496,0.832364,0.163337,0.805649,0.221782,0.224319,0.317555,0.226079,0.259388,0.817305,0.0875913,0.930398,0.0899163,0.0953609,0.193249,0.450059,0.0505592,0.337454,0.626457,0.870688,0.287327,0.0835249,0.279746,0.211126,0.331998,0.752468,0.662796,0.0512938,0.870634
235,2,2,0.442107,0.727529,0.334401,0.484391,0.394572,0.693806,0.529941,0.552762,0.161367,0.216251,0.571996,0.208588,0.805432,0.296392,0.760161,0.910803,0.1539,0.547415,0.149249,0.733905,0.268174,0.346559,0.361075,0.407716,0.408456,0.125566,0.679697,0.171295,0.0566804,0.827357,0.0346727,0.584839
236,4,3,0.697164,0.802851,0.193435,0.24652,0.641504,0.976033,0.259828,0.344818,0.886086,0.337311,0.89569,0.311912,0.297287,0.122112,0.229994,0.111137,0.411304,0.648105,0.240532,0.875118,0.672384,0.79052,0.826065,0.141108,0.673092,0.545582,0.82435,0.105592,0.396992,0.0452946,0.156317,0.656386
237,3,4,0.360474,0.0820237,0.671271,0.0349392,0.270644,0.989756,0.0812296,0.0300213,0.992582,0.444528,0.156202,0.504619,0.988421,0.11728,0.97728,0.169062,0.793818,0.351805,0.659423,0.761676,0.577807,0.507082,0.866102,0.637902,0.28944,0.985175,0.467681,0.768005,0.61939,0.434361,0.41119,0.446442
238,4,4,0.330285,0.665365,0.564232,0.500711,0.850575,0.644861,0.201528,0.0235325,0.934433,0.429623,0.689088,0.278938,0.823273,0.129174,0.556191,0.0995465,0.779517,0.603192,0.0162004,0.523601,0.81838,0.253584,0.0401389,0.47095,0.889913,0.492232,0.991963,0.195009,0.294067,0.652093,0.210319,0.780919
239,2,3,0.253026,0.60247,0.865562,0.511639,0.102843,0.0610071,0.125955,0.287831,0.979152,0.0932714,0.673839,0.963823,0.846887,0.13508,0.324329,0.151775,0.676484,0.889577,0.594242,0.943928,0.60315,0.765829,0.682532,0.00540492,0.575359,0.00134627,0.429062,0.378101,0.275923,0.143395,0.768581,0.0183861
240,1,4,0.692354,0.943062,0.233333,0.32382,0.62533,0.661141,0.747078,0.652235,0.218714,0.25108,0.0599433,0.650425,0.130974,0.212334,0.605997,0.122007,0.849446,0.701383,0.0449968,0.113441,0.734151,0.996909,0.341319,0.183452,0.478528,0.594142,0.92886,0.411375,0.331971,0.126386,0.465337,0.0278439
241,1,5,0.0815987,0.806758,0.258592,0.842016,0.0278522,0.482713,0.631375,0.777455,0.426398,0.672847,0.548145,0.724255,0.174647,0.492599,0.295932,0.633412,0.663824,0.805526,0.965303,0.397884,0.0504168,0.805979,0.890384,0.592017,0.576881,0.165901,0.56392,0.0246842,0.500279,0.362754,0.0693941,0.546696
242,2,1,0.600912,0.127486,0.340959,0.800206,0.917268,0.863009,0.406591,0.150687,0.143281,0.851594,0.714719,0.991454,0.293353,0.726839,0.52547,0.78477,0.697833,0.994415,0.900264,0.605481,0.792191,0.307886,0.676361,0.837531,0.679633,0.614486,0.945925,0.581195,0.295824,0.253636,0.0011121,0.756334
243,3,4,0.217891,0.924287,0.661835,0.325823,0.633712,0.127775,0.593461,0.442367,0.0162435,0.0424699,0.728778,0.684626,0.32353,0.902705,0.665056,0.837263,0.556578,0.127369,0.342731,0.126271,0.134576,0.813434,0.0944189,0.924254,0.831518,0.46067,0.918398,0.498971,0.649788,0.318262,0.103434,0.894265
244,4,5,0.728939,0.288252,0.779821,0.298783,0.118219,0.8912,3.07187e-05,0.013634,0.712137,0.322727,0.356596,0.554357,0.254481,0.148217,0.0128975,0.0920988,0.540299,0.815276,0.851151,0.894404,0.957632,0.823606,0.565745,0.898788,0.514461,0.553112,0.0850564,0.812258,0.548873,0.384043,0.379979,0.666268
245,4,5,0.388726,0.225728,0.240299,0.3899,0.0949653,0.480047,0.314918,0.138015,0.0966448,0.0810386,0.176897,0.829723,0.987336,0.976794,0.444104,0.404725,0.531872,0.0876498,0.873619,0.0658118,0.995569,0.891318,0.582714,0.463814,0.812474,0.320027,0.326941,0.476461,0.305744,0.318304,0.402704,0.489036
246,3,3,0.682192,0.592301,0.315239,0.694654,0.13321,0.364671,0.632396,0.738506,0.128326,0.666617,0.578493,0.119562,0.693422,0.572643,0.700611,0.256743,0.753472,0.804096,0.872859,0.425938,0.499959,0.994684,0.730249,0.0925004,0.619173,0.780348,0.18664,0.673702,0.0256896,0.767499,0.284541,0.30753
247,5,5,0.617106,0.796508,0.849959,0.232541,0.196246,0.226033,0.12555,0.551051,0.96348,0.523564,0.108045,0.282262,0.478491,0.298076,0.585564,0.277845,0.541374,0.771512,0.0860322,0.651901,0.0570269,0.832417,0.105483,0.975473,0.585588,0.474164,0.544345,0.0666939,0.233741,0.0480923,0.637774,0.295665
248,2,5,0.041579,0.523213,0.49813,0.271787,0.68931,0.399167,0.252312,0.598595,0.307771,0.65295,0.613638,0.15392,0.897935,0.977032,0.809924,0.544772,0.58313,0.135688,0.730222,0.893635,0.364822,0.0746384,0.640966,0.907735,0.466182,0.996566,0.189936,0.700432,0.701738,0.770447,0.556465,0.337303
249,5,2,0.911339,0.529714,0.0209341,0.732388,0.315773,0.924108,0.0568814,0.97518,0.766527,0.833204,0.702107,0.303017,0.331352,0.966547,0.675663,0.62812,0.395937,0.930642,0.756254,0.676105,0.454184,0.307239,0.41228,0.370025,0.93473,0.550472,0.250879,0.790015,0.120447,0.317983,0.584543,0.579731
250,4,2,0.377839,0.815769,0.0620368,0.466728,0.339305,0.0767228,0.505932,0.166053,0.161923,0.0611047,0.658102,0.499303,0.997749,0.106337,0.451739,0.11414,0.354729,0.941048,0.400704,0.872655,0.115146,0.452087,0.883274,0.985805,0.414826,0.000186526,0.387274,0.613979,0.65969,0.616428,0.442033,0.457443
251,1,2,0.0614463,0.455383,0.813723,0.41496,0.940504,0.730492,0.648765,0.135355,0.954566,0.197639,0.151432,0.180518,0.477416,0.262471,0.601807,0.525258,0.581737,0.111209,0.401462,0.868169,0.338084,0.297362,0.126824,0.162538,0.391742,0.675621,0.162661,0.0380863,0.734366,0.619969,0.208831,0.698198
252,1,3,0.552366,0.0419641,0.59523,0.363645,0.871913,0.0985942,0.576982,0.116478,0.345481,0.254261,0.803012,0.295468,0.540279,0.52997,0.0792803,0.678392,0.565851,0.592771,0.908019,0.14836,0.396313,0.172086,0.296326,0.878769,0.143469,0.558352,0.151446,0.869938,0.432771,0.371547,0.59568,0.6144
253,1,5,0.939569,0.319123,0.755134,0.469915,0.586624,0.502491,0.828439,0.200771,0.0801868,0.31501,0.476839,0.79141,0.630093,0.915788,0.828653,0.359794,0.78347,0.306972,0.277069,0.195197,0.94088,0.678491,0.124346,0.3231,0.875134,0.98775,0.97094,0.325685,0.177154,0.394136,0.722066,0.603334
254,2,1,0.405423,0.469519,0.516283,0.422656,0.580645,0.995638,0.935937,0.0104936,0.672251,0.895065,0.481278,0.149141,0.809675,0.785925,0.950533,0.617932,0.0220662,0.341847,0.982521,0.873875,0.0861321,0.0129072,0.814387,0.226691,0.280335,0.566893,0.13218,0.351542,0.439856,0.610377,0.643957,0.0241102
255,3,1,0.0545654,0.127096,0.599461,0.189284,0.902403,0.459331,0.383215,0.752129,0.216333,0.905539,0.442577,0.835373,0.0483627,0.196888,0.820488,0.441151,0.826341,0.199412,0.588,0.264472,0.353103,0.503547,0.799783,0.068109,0.554687,0.218174,0.825932,0.935378,0.631459,0.466116,0.784405,0.445387
256,1,1,0.414141,0.2474,0.957946,0.866292,0.541114,0.164628,0.60509,0.415125,0.220488,0.0143309,0.625651,0.478335,0.571608,0.0210211,0.184838,0.81961,0.0595871,0.824854,0.604359,0.787742,0.763692,0.283364,0.523401,0.837237,0.226773,0.542998,0.666522,0.373808,0.0801057,0.62533,0.441834,0.0123411
257,3,2,0.184459,0.742294,0.202294,0.244162,0.386707,0.598009,0.0511502,0.385103,0.397793,0.854806,0.511707,0.952415,0.483294,0.883565,0.382784,0.27062,0.839147,0.194163,0.145327,0.474435,0.505697,0.00733415,0.0620414,0.0258094,0.0711557,0.553291,0.573866,0.520449,0.566018,0.994582,0.878034,0.201842
258,2,1,0.959791,0.113541,0.0486948,0.917543,0.0980077,0.777811,0.0440659,0.822339,0.185277,0.902764,0.54127,0.5249,0.645572,0.451193,0.0455852,0.330391,0.945971,0.589215,0.842165,0.454278,0.296612,0.451566,0.0771875,0.936928,0.169887,0.984031,0.126944,0.796484,0.123284,0.756758,0.518562,0.680558
259,1,5,0.35814,0.0591058,0.989505,0.690726,0.684314,0.728786,0.948981,0.046973,0.142557,0.928052,0.382139,0.0911406,0.554732,0.285901,0.0767581,0.67239,0.00418745,0.169873,0.670434,0.0554159,0.64182,0.331146,0.410789,0.765972,0.489644,0.413679,0.415443,0.652973,0.024005,0.579619,0.335372,0.0222185
260,2,4,0.0984242,0.0414281,0.95672,0.967803,0.59936,0.549864,0.728656,0.963159,0.315364,0.114754,0.393147,0.490409,0.236924,0.169504,0.0969657,0.0509749,0.179032,0.617529,0.797514,0.207783,0.677546,0.587697,0.546929,0.112364,0.47509,0.331986,0.922434,0.781633,0.0727349,0.437052,0.280601,0.627745
261,5,1,0.782426,0.843755,0.992515,0.324923,0.240671,0.687296,0.874307,0.961616,0.830623,0.730243,0.224657,0.48987,0.399333,0.630717,0.409673,0.739683,0.978221,0.612276,0.180892,0.0166758,0.799158,0.194773,0.334193,0.810468,0.73087,0.272651,0.420011,0.731562,0.57836,0.37212,0.832612,0.521884
262,5,1,0.866423,0.181226,0.0596173,0.957197,0.692051,0.890138,0.139987,0.652275,0.415819,0.459645,0.548588,0.675761,0.402739,0.61861,0.519612,0.568552,0.996526,0.0591771,0.135217,0.632803,0.675456,0.76892,0.396001,0.994082,0.13301,0.0110786,0.158737,0.730173,0.949273,0.571789,0.879601,0.434052
263,2,3,0.991533,0.409085,0.208315,0.354377,0.355439,0.30283,0.669219,0.73088,0.483803,0.700725,0.41839,0.58902,0.357811,0.938665,0.593781,0.349854,0.575593,0.243802,0.161458,0.655903,0.47174,0.198814,0.553472,0.315011,0.570287,0.224602,0.210107,0.0691536,0.742271,0.827499,0.0251991,0.254541
264,3,5,0.780213,0.0433153,0.563893,0.699339,0.261162,0.330561,0.694953,0.744737,0.567391,0.412403,0.796244,0.195756,0.735025,0.513175,0.610108,0.130505,0.488178,0.440539,0.133182,0.317305,0.261333,0.91196,0.419099,0.0609287,0.599299,0.694017,0.513708,0.182751,0.288185,0.319045,0.00646436,0.415514
265,3,3,0.285626,0.242578,0.734608,0.0913088,0.0239463,0.31869,0.584828,0.104676,0.941474,0.128596,0.174409,0.573851,0.471649,0.0609019,0.091422,0.0309309,0.625682,0.714414,0.550532,0.361647,0.407366,0.125375,0.521377,0.253613,0.896575,0.642087,0.196294,0.275537,0.0225645,0.494521,0.861665,0.121695
266,1,1,0.890658,0.316078,0.596945,0.626968,0.810161,0.808395,0.429673,0.611646,0.74986,0.295748,0.913041,0.255744,0.572123,0.327421,0.180785,0.164621,0.268798,0.181172,0.198645,0.790691,0.246857,0.384733,0.306415,0.435995,0.555134,0.594049,0.587992,0.589653,0.4265,0.0673769,0.615421,0.831541
267,3,5,0.0877882,0.723072,0.171829,0.772671,0.518077,0.7149,0.213995,0.578978,0.283284,0.014609,0.400313,0.360375,0.811866,0.604839,0.0138621,0.387451,0.649379,0.86348,0.668877,0.308802,0.798656,0.293535,0.932753,0.265998,0.0201379,0.332781,0.153784,0.557405,0.886171,0.707015,0.458519,0.662568
268,2,5,0.663027,0.885914,0.679067,0.816079,0.93174,0.0189454,0.996949,0.735918,0.720157,0.2084,0.287221,0.132928,0.879752,0.638489,0.0492209,0.319743,0.231081,0.0571172,0.897386,0.13763,0.256192,0.000929418,0.220651,0.903224,0.138125,0.024618,0.859112,0.209456,0.500058,0.416263,0.674893,0.356571
269,4,3,0.75804,0.0402889,0.760006,0.512215,0.312598,0.680479,0.410683,0.931698,0.20969,0.620371,0.976561,0.803755,0.645603,0.0837249,0.934544,0.38594,0.303386,0.373947,0.781891,0.886288,0.765859,0.151371,0.691656,0.151886,0.965639,0.328558,0.393555,0.0544661,0.130717,0.182458,0.671709,0.96521
270,5,1,0.575061,0.632019,0.206818,0.726111,0.504456,0.366961,0.31219,0.147227,0.427467,0.206581,0.645219,0.313266,0.745215,0.636068,0.232225,0.398281,0.405325,0.0068147,0.269162,0.523407,0.198632,0.921513,0.783387,0.812078,0.909253,0.825211,0.370232,0.795058,0.751279,0.323731,0.896995,0.765194
271,4,1,0.182813,0.657716,0.956292,0.641569,0.376676,0.0255698,0.339241,0.78797,0.0624313,0.903248,0.486174,0.267415,0.109014,0.812391,0.24854,0.082406,0.316943,0.599968,0.808826,0.485647,0.875489,0.545924,0.302466,0.926205,0.858698,0.871315,0.857231,0.785084,0.764651,0.273698,0.146695,0.911819
272,5,2,0.945024,0.853329,0.68254,0.32816,0.331617,0.0537723,0.500579,0.669357,0.645725,0.23128,0.51057,0.243571,0.119953,0.306047,0.312064,0.0636848,0.802396,0.177127,0.861418,0.00513963,0.1373,0.44541,0.952387,0.0842554,0.328823,0.682653,0.662314,0.235623,0.751825,0.943574,0.811946,0.871252
273,3,4,0.31292,0.783215,0.858506,0.803245,0.131687,0.986563,0.705041,0.59784,0.741978,0.0819657,0.677723,0.646837,0.252315,0.62498,0.873043,0.638351,0.168858,0.307146,0.0536348,0.85968,0.717465,0.959472,0.475476,0.217713,0.849098,0.0881522,0.383397,0.194535,0.168279,0.820552,0.836442,0.676645
274,3,2,0.189196,0.401793,0.720384,0.577828,0.511114,0.307874,0.604313,0.4772,0.460898,0.793063,0.828709,0.981242,0.829563,0.932489,0.709389,0.933866,0.105401,0.402224,0.838854,0.46879,0.671013,0.705635,0.697024,0.922192,0.362983,0.141994,0.87928,0.304242,0.725372,0.139247,0.11259,0.612009
275,2,3,0.88638,0.326108,0.0471967,0.070916,0.961417,0.349796,0.679163,0.862496,0.631376,0.233073,0.270559,0.695187,0.248792,0.629628,0.942058,0.863485,0.298272,0.132288,0.775505,0.97759,0.393122,0.582629,0.139254,0.995474,0.0107153,0.911515,0.544257,0.221517,0.975779,0.056162,0.369136,0.255639
276,5,5,0.344092,0.171596,0.520544,0.16746,0.440665,0.462594,0.879915,0.033268,0.505521,0.121888,0.507758,0.415861,0.138372,0.0631299,0.98274,0.396755,0.249973,0.474006,0.0733641,0.451267,0.663146,0.869175,0.595366,0.530062,0.415146,0.46798,0.422192,0.410709,0.785064,0.817623,0.195713,0.895057
277,1,3,0.648747,0.673547,0.41897,0.137362,0.458029,0.27687,0.256647,0.0460631,0.752114,0.930824,0.512875,0.660799,0.320855,0.746363,0.59605,0.311572,0.995734,0.845654,0.435262,0.259603,0.920691,0.00164376,0.345017,0.376415,0.0547327,0.570762,0.204242,0.478705,0.418695,0.862076,0.219635,0.105405
278,1,5,0.915002,0.512979,0.843879,0.281393,0.742292,0.822228,0.167815,0.752849,0.120364,0.732859,0.0676047,0.876192,0.724029,0.722785,0.928808,0.231841,0.430536,0.705563,0.119141,0.307703,0.512393,0.242175,0.348832,0.0730036,0.374825,0.744029,0.621331,0.711001,0.718718,0.234499,0.110604,0.749379
279,5,5,0.99433,0.108029,0.232728,0.232637,0.0538305,0.750261,0.189875,0.274507,0.0389578,0.624664,0.391811,0.0811642,0.802402,0.452202,0.341244,0.739091,0.444183,0.686514,0.675587,0.815072,0.508894,0.877452,0.861446,0.773184,0.866036,0.671588,0.0099107,0.0317225,0.778046,0.534967,0.460734,0.0376977
280,1,5,0.483232,0.320725,0.986896,0.562429,0.754569,0.279445,0.248605,0.7825,0.538395,0.886503,0.992136,0.398642,0.857531,0.862922,0.0973669,0.267075,0.706372,0.534661,0.34558,0.858761,0.00698227,0.325881,0.403481,0.954042,0.234754,0.12188,0.818869,0.0182751,0.337331,0.904135,0.827524,0.0686487
281,2,5,0.307819,0.951397,0.241165,0.137021,0.233567,0.537585,0.0681866,0.18492,0.187124,0.428155,0.55555,0.0614251,0.291361,0.223925,0.417395,0.363273,0.376867,0.438648,0.875905,0.977496,0.905299,0.807866,0.492957,0.73741,0.330156,0.537041,0.106801,0.839998,0.953403,0.339323,0.0602269,0.708899
282,1,3,0.298066,0.314629,0.320401,0.674018,0.164287,0.844315,0.783161,0.915808,0.122498,0.717933,0.634907,0.283608,0.123846,0.326282,0.0705356,0.020758,0.909429,0.760886,0.190129,0.0427396,0.82125,0.864652,0.544631,0.118661,0.0778565,0.171877,0.955448,0.476526,0.246961,0.73788,0.859645,0.139002
283,1,1,0.853943,0.482851,0.0132288,0.212286,0.51178,0.115558,0.769443,0.836421,0.934795,0.502466,0.909202,0.0143812,0.819625,0.802981,0.888191,0.980794,0.19922,0.605926,0.284184,0.503708,0.288969,0.878416,0.377054,0.952517,0.393321,0.754537,0.544555,0.445453,0.15988,0.592221,0.691247,0.700935
284,1,5,0.310308,0.447201,0.503345,0.829821,0.796441,0.654725,0.739469,0.411204,0.645534,0.663363,0.155773,0.118222,0.547045,0.401498,0.0874465,0.793129,0.377363,0.220509,0.413517,0.185962,0.0398114,0.950819,0.273988,0.209898,0.955649,0.260919,0.953633,0.969616,0.352327,0.734709,0.0431001,0.699597
285,5,5,0.392218,0.115823,0.94778,0.705956,0.141199,0.503689,0.763516,0.829151,0.108683,0.508142,0.981258,0.620241,0.381617,0.477742,0.775235,0.478159,0.342591,0.76797,0.627669,0.628566,0.192016,0.633263,0.146021,0.450282,0.938064,0.53111,0.917647,0.745718,0.887469,0.825941,0.625433,0.696561
286,2,4,0.0690369,0.820324,0.334789,0.561864,0.313703,0.671406,0.635645,0.926308,0.355958,0.619168,0.148507,0.824807,0.596467,0.688811,0.814384,0.551936,0.382124,0.241838,0.132269,0.425998,0.196688,0.967743,0.237483,0.657765,0.299898,0.564395,0.642795,0.932957,0.600945,0.586512,0.69608,0.526083
287,1,3,0.823998,0.712666,0.204088,0.19316,0.469041,0.471308,0.800939,0.472515,0.180159,0.378225,0.109863,0.517293,0.883684,0.413107,0.34293,0.199345,0.68387,0.412366,0.0253486,0.0722769,0.690047,0.575786,0.316101,0.853655,0.0557409,0.725287,0.609813,0.360394,0.240804,0.0870712,0.386807,0.202149
288,3,5,0.147163,0.207057,0.297977,0.543973,0.0897595,0.231599,0.910826,0.848924,0.00604704,0.397271,0.48386,0.245551,0.123247,0.812326,0.307679,0.342839,0.92606,0.111488,0.161695,0.570409,0.965832,0.581564,0.205794,0.714696,0.741566,0.240219,0.546677,0.443771,0.884479,0.282368,0.553993,0.0809537
289,5,3,0.195458,0.72887,0.166229,0.301463,0.916489,0.599373,0.327838,0.201264,0.372082,0.890237,0.759824,0.114906,0.338823,0.00383714,0.952062,0.502008,0.737928,0.583128,0.597429,0.578965,0.880895,0.0545119,0.0496059,0.314044,0.257063,0.499199,0.465036,0.216579,0.226979,0.872626,0.743905,0.0871093
290,4,2,0.42377,0.691416,0.342133,0.261751,0.961551,0.624241,0.444852,0.829385,0.489048,0.190337,0.35165,0.917221,0.909548,0.553559,0.568955,0.299232,0.762175,0.430858,0.811807,0.312192,0.341849,0.725111,0.433694,0.796301,0.848472,0.832937,0.363255,0.985768,0.793935,0.791284,0.940992,0.601384
291,4,1,0.741627,0.544595,0.805097,0.0410682,0.84504,0.744825,0.395053,0.445956,0.0512635,0.0200232,0.401876,0.0625069,0.673756,0.387466,0.45035,0.583422,0.748963,0.464204,0.356982,0.619204,0.634744,0.480294,0.18642,0.661704,0.749369,0.219126,0.545696,0.112843,0.204064,0.596434,0.291911,0.48469
292,5,2,0.482601,0.380482,0.216031,0.106126,0.967271,0.531357,0.715125,0.395778,0.957135,0.613152,0.427105,0.805602,0.4751,0.299669,0.897955,0.962102,0.525049,0.535635,0.707279,0.618291,0.252173,0.680672,0.446726,0.666732,0.12345,0.510971,0.20598,0.428764,0.000943416,0.053782,0.0392651,0.0220858
293,2,5,0.242354,0.333661,0.663311,0.387695,0.8391,0.138368,0.55066,0.738168,0.153144,0.856964,0.728116,0.938715,0.600251,0.492362,0.731251,0.700866,0.769747,0.855551,0.97541,0.418291,0.573563,0.309413,0.341641,0.936725,0.648465,0.515677,0.0684407,0.497254,0.897397,0.178416,0.119381,0.108155
294,1,2,0.815745,0.614133,0.597312,0.325825,0.393636,0.191736,0.473436,0.555497,0.854547,0.583919,0.340004,0.206994,0.86965,0.851406,0.0881344,0.0842644,0.776798,0.356093,0.847548,0.680384,0.181818,0.27412,0.430347,0.827675,0.1655,0.739868,0.706604,0.789023,0.535348,0.119107,0.635323,0.140547
295,3,3,0.211746,0.518077,0.0414973,0.748016,0.322068,0.836531,0.559745,0.704335,0.857935,0.928597,0.666927,0.738743,0.435396,0.306268,0.95312,0.265081,0.719245,0.696192,0.930165,0.192871,0.527588,0.0927148,0.258904,0.532223,0.0528267,0.821642,0.726085,0.10138,0.121303,0.791891,0.302775,0.811572
296,2,1,0.564417,0.0573103,0.600583,0.17459,0.166255,0.707426,0.379737,0.711778,0.617194,0.898355,0.969819,0.582686,0.727631,0.124107,0.922604,0.121415,0.762212,0.721132,0.591717,0.183785,0.192023,0.328386,0.666686,0.487212,0.62338,0.0247649,0.602469,0.248819,0.489786,0.40789,0.528657,0.279636
297,1,5,0.519313,0.728012,0.197556,0.813148,0.805174,0.257479,0.185777,0.774419,0.0849663,0.385554,0.436246,0.506686,0.658307,0.856001,0.437717,0.749954,0.276754,0.805117,0.558171,0.136845,0.347002,0.0697194,0.932868,0.893405,0.922645,0.387834,0.502372,0.28788,0.327884,0.724696,0.737132,0.836416
298,5,5,0.474769,0.315997,0.336323,0.852212,0.920536,0.040934,0.012003,0.0496615,0.552815,0.623519,0.740664,0.0631064,0.485018,0.324609,0.085403,0.672756,0.972461,0.337267,0.51801,0.1796,0.614186,0.281351,0.23661,0.457575,0.483498,0.475386,0.429149,0.783,0.0748958,0.750153,0.10616,0.456818
299,1,4,0.23982,0.114237,0.194958,0.255353,0.504911,0.827976,0.768747,0.377994,0.0619465,0.981182,0.576808,0.466253,0.11921,0.791936,0.036461,0.402307,0.052744,0.424954,0.834164,0.382883,0.117972,0.719076,0.0451514,0.547518,0.4379,0.943778,0.843993,0.25089,0.262408,0.100563,0.421713,0.393261
300,3,2,0.449079,0.860799,0.577613,0.346197,0.570907,0.653787,0.332427,0.350199,0.315533,0.61722,0.106624,0.884808,0.366798,0.231358,0.0994947,0.404242,0.766596,0.993265,0.966274,0.868557,0.970074,0.56464,0.865071,0.516628,0.600792,0.2846,0.700866,0.517209,0.285206,0.848181,0.63077,0.685175
301,1,4,0.482017,0.201464,0.757777,0.265209,0.281918,0.169759,0.31804,0.0956407,0.924642,0.419136,0.0562243,0.1133,0.485634,0.171913,0.912801,0.547325,0.610363,0.164599,0.546407,0.0638798,0.249744,0.317389,0.343275,0.220319,0.852048,0.515305,0.559218,0.102367,0.514742,0.751771,0.0995797,0.906234
302,2,5,0.963685,0.532827,0.376986,0.860668,0.603213,0.694918,0.0797151,0.0105511,0.683114,0.39409,0.932567,0.850952,0.575665,0.345859,0.126115,0.0352152,0.581722,0.74618,0.766347,0.802038,0.406417,0.160594,0.879838,0.537341,0.648683,0.191955,0.899249,0.719234,0.623505,0.27155,0.131288,0.316215
303,1,5,0.201795,0.476322,0.908826,0.669754,0.7604,0.402373,0.676398,0.298007,0.300966,0.625478,0.184045,0.154858,0.756451,0.373,0.474158,0.209037,0.22579,0.695795,0.616622,0.944209,0.0403338,0.995511,0.32617,0.450277,0.468557,0.25253,0.147958,0.442829,0.984654,0.847269,0.209097,0.206006
304,4,3,0.203535,0.341866,0.769061,0.985804,0.425506,0.838609,0.565416,0.808571,0.0210092,0.317905,0.0344313,0.00877721,0.445826,0.382133,0.816655,0.301809,0.885239,0.037397,0.0867066,0.505365,0.538363,0.403031,0.91323,0.634556,0.387973,0.621186,0.829566,0.120747,0.133696,0.976966,0.935394,0.186931
305,5,5,0.941334,0.488118,0.676617,0.813063,0.363404,0.0992296,0.938181,0.428644,0.275567,0.628502,0.332173,0.215156,0.700808,0.627468,0.765316,0.923665,0.929403,0.997518,0.204802,0.0324511,0.797998,0.235588,0.738546,0.310307,0.0637946,0.399126,0.387223,0.242257,0.282765,0.203488,0.30449,0.954554
306,2,5,0.642777,0.0469925,0.717676,0.338813,0.976618,0.405149,0.377202,0.239015,0.80184,0.628873,0.434531,0.640381,0.869534,0.850504,0.180658,0.740869,0.947686,0.542573,0.218772,0.653587,0.326221,0.273989,0.756192,0.593056,0.393755,0.489227,0.608211,0.133344,0.444573,0.242544,0.74237,0.291693
307,1,5,0.058458,0.230387,0.299929,0.289244,0.474309,0.369354,0.16802,0.663743,0.354797,0.118238,0.399983,0.953945,0.0573918,0.865571,0.583307,0.577216,0.884343,0.674038,0.151743,0.0166605,0.597808,0.338945,0.664739,0.79566,0.419335,0.077483,0.701098,0.282314,0.410732,0.585297,0.504637,0.256413
308,4,4,0.69172,0.131059,0.661343,0.797394,0.0384009,0.507949,0.36825,0.750331,0.979032,0.310715,0.420737,0.51449,0.501945,0.856835,0.90993,0.466878,0.717262,0.35972,0.58207,0.536155,0.797805,0.717363,0.864366,0.443563,0.456888,0.938877,0.475108,0.294946,0.386051,0.475464,0.966706,0.756928
309,2,4,0.0832231,0.863641,0.86296,0.996809,0.48056,0.426858,0.0687539,0.111151,0.549717,0.0304159,0.417164,0.726877,0.877749,0.874014,0.203995,0.220713,0.826465,0.158448,0.557689,0.0622051,0.0546103,0.822703,0.971845,0.311382,0.512615,0.401697,0.290877,0.50275,0.469407,0.839453,0.857858,0.650833
310,5,4,0.192676,0.175672,0.129071,0.51319,0.297859,0.715381,0.780048,0.973261,0.471626,0.201406,0.227482,0.00954336,0.166185,0.0753014,0.332729,0.375852,0.939924,0.820545,0.343027,0.00714208,0.988124,0.456731,0.48523,0.329231,0.179164,0.0524817,0.89114,0.450236,0.460355,0.254749,0.709671,0.351885
311,5,3,0.0501754,0.521551,0.0966946,0.124647,0.720457,0.961415,0.281825,0.635911,0.184301,0.765868,0.0393619,0.0792132,0.0218467,0.0470584,0.774486,0.0194481,0.134433,0.188794,0.467721,0.414408,0.605897,0.935826,0.428352,0.45706,0.0271067,0.290255,0.783502,0.561935,0.0105132,0.111935,0.76189,0.609506
312,2,5,0.43284,0.791993,0.535542,0.986688,0.476983,0.250873,0.389209,0.509656,0.887425,0.908865,0.893934,0.78519,0.335816,0.487406,0.61507,0.945372,0.926908,0.0572367,0.962058,0.930999,0.508959,0.0505074,0.452825,0.547305,0.278694,0.890441,0.958872,0.262721,0.142814,0.472248,0.57983,0.324329
313,3,2,0.279008,0.823646,0.404969,0.709001,0.998793,0.587627,0.0549663,0.820592,0.578542,0.392267,0.0825722,0.447552,0.154521,0.730002,0.439563,0.357755,0.51046,0.0639009,0.258792,0.0743346,0.316457,0.115363,0.086967,0.869681,0.30322,0.472226,0.966558,0.712882,0.944707,0.392909,0.334878,0.258711
314,3,5,0.909595,0.794182,0.00618382,0.625216,0.810684,0.93764,0.94837,0.679705,0.0913257,0.570182,0.161448,0.610196,0.960746,0.942371,0.53754,0.788201,0.0141966,0.0240412,0.257632,0.53414,0.449944,0.688338,0.692909,0.748698,0.73316,0.213142,0.995422,0.867177,0.287511,0.955843,0.53822,0.236715
315,2,1,0.405645,0.0969788,0.169162,0.0557068,0.977457,0.129224,0.853317,0.0577411,0.498333,0.845012,0.603245,0.0590502,0.227261,0.271664,0.543787,0.103756,0.69497,0.295422,0.515167,0.0905595,0.990285,0.668003,0.611342,0.133327,0.370974,0.851846,0.772152,0.817191,0.170463,0.0136617,0.384516,0.895726
316,3,4,0.431807,0.239646,0.78178,0.0323891,0.484173,0.335843,0.794014,0.513867,0.576489,0.796645,0.342069,0.337982,0.809979,0.70549,0.23829,0.187504,0.224383,0.750598,0.504503,0.235997,0.260849,0.143545,0.00908704,0.185409,0.648298,0.182063,0.511094,0.512863,0.445518,0.844798,0.966969,0.0796051
317,5,5,0.863432,0.654346,0.13945,0.87252,0.569206,0.244148,0.86798,0.45011,0.583106,0.925827,0.718014,0.659993,0.372044,0.388768,0.0924495,0.131412,0.4579,0.262485,0.394479,0.581216,0.86706,0.718168,0.243995,0.124422,0.966734,0.599597,0.958138,0.550351,0.247632,0.513955,0.348052,0.690123
318,5,3,0.966622,0.32299,0.443439,0.889012,0.320997,0.160634,0.526094,0.173024,0.687769,0.266772,0.273475,0.119531,0.736473,0.230319,0.0516574,0.106412,0.0492945,0.821752,0.386288,0.138969,0.353473,0.747298,0.315633,0.0479139,0.49102,0.94852,0.320734,0.71116,0.192258,0.00679655,0.30947,0.763856
319,5,3,0.411113,0.779365,0.444713,0.522497,0.576545,0.641025,0.983341,0.786332,0.241601,0.405108,0.681282,0.00270815,0.715985,0.849946,0.607324,0.38089,0.0885783,0.496043,0.676872,0.00776664,0.0640947,0.492092,0.596143,0.986487,0.739581,0.278268,0.21097,0.395418,0.841622,0.68719,0.0303538,0.814794
320,2,1,0.460329,0.309669,0.217588,0.937826,0.133778,0.677145,0.953307,0.119021,0.0726656,0.0689279,0.199093,0.48355,0.347822,0.22009,0.620235,0.253985,0.544801,0.877692,0.125643,0.089566,0.289728,0.715364,0.238752,0.271142,0.213543,0.760328,0.411144,0.722411,0.704031,0.0073919,0.217453,0.509135
321,4,5,0.390917,0.866227,0.976457,0.871586,0.954666,0.418346,0.800138,0.444396,0.241659,0.303283,0.0680373,0.716606,0.316904,0.358661,0.266795,0.267792,0.505926,0.432231,0.777728,0.0914875,0.858323,0.746603,0.844864,0.0125964,0.359676,0.644485,0.687234,0.182865,0.312834,0.232404,0.0609055,0.635632
322,1,2,0.00982755,0.777717,0.409183,0.22584,0.329379,0.176025,0.693378,0.866233,0.766245,0.444184,0.304095,0.137053,0.811627,0.862211,0.293917,0.816092,0.446326,0.983906,0.727019,0.909744,0.69292,0.85179,0.987368,0.0525744,0.225161,0.104415,0.662318,0.568983,0.609682,0.531479,0.915098,0.457963
323,2,1,0.751798,0.43121,0.568269,0.569298,0.274666,0.00207651,0.474435,0.260709,0.333777,0.51828,0.579313,0.722216,0.889001,0.174157,0.569305,0.546881,0.631722,0.71446,0.518748,0.444628,0.0511655,0.0270811,0.232859,0.449268,0.492002,0.296445,0.310235,0.92965,0.181764,0.124613,0.504133,0.652476
324,3,2,0.258108,0.44617,0.463985,0.55398,0.133284,0.297955,0.927746,0.455076,0.867702,0.163554,0.707621,0.304124,0.106214,0.621106,0.775877,0.3018,0.807957,0.899743,0.767765,0.628407,0.113966,0.438649,0.643908,0.0387569,0.834325,0.499548,0.577353,0.764776,0.646407,0.265558,0.458363,0.806774
325,4,3,0.0343769,0.823746,0.638963,0.0852683,0.0814472,0.866184,0.435015,0.499186,0.292655,0.296538,0.545428,0.265113,0.133416,0.432011,0.691643,0.999049,0.795012,0.220327,0.163354,0.103217,0.104313,0.585035,0.145515,0.488542,0.877128,0.524196,0.528189,0.666935,0.467261,0.267144,0.106712,0.910665
326,2,5,0.868,0.129086,0.828186,0.742299,0.626055,0.643104,0.0752787,0.315743,0.112397,0.621519,0.049309,0.219862,0.257479,0.444839,0.135661,0.899413,0.260048,0.133534,0.385058,0.386696,0.942983,0.821142,0.610376,0.969491,0.834974,0.453926,0.710352,0.507,0.112503,0.572172,0.73592,0.932348
327,1,3,0.639108,0.170601,0.340962,0.436758,0.997672,0.464,0.263551,0.789096,0.27913,0.602893,0.930672,0.65422,0.0246444,0.9982,0.696689,0.07496,0.725326,0.22301,0.836379,0.407896,0.974439,0.347782,0.975602,0.0216456,0.0652768,0.0917776,0.821839,0.680953,0.64631,0.879324,0.647342,0.514227
328,1,2,0.650187,0.255093,0.982483,0.767876,0.911819,0.751795,0.439131,0.588366,0.039948,0.212664,0.362293,0.0970182,0.82639,0.0642386,0.701499,0.592696,0.459344,0.825035,0.0551015,0.85833,0.426895,0.463622,0.469025,0.784271,0.928556,0.94688,0.641086,0.27517,0.311653,0.39796,0.525318,0.931479
329,3,3,0.972568,0.913876,0.36006,0.981045,0.477867,0.661811,0.355284,0.81689,0.682512,0.749546,0.662232,0.699534,0.715322,0.306931,0.268143,0.0570943,0.315668,0.343052,0.125251,0.666936,0.65551,0.102529,0.0397971,0.011918,0.597682,0.139692,0.869696,0.715736,0.890832,0.972794,0.449038,0.983065
330,3,4,0.0769692,0.869352,0.670765,0.736826,0.821259,0.50104,0.244655,0.572761,0.421301,0.137227,0.838839,0.937661,0.87712,0.35193,0.24318,0.446149,0.550571,0.67166,0.192493,0.333902,0.101879,0.254259,0.91112,0.631049,0.820508,0.0249841,0.760035,0.720725,0.0487663,0.514023,0.843729,0.605754
331,2,2,0.342395,0.52705,0.546476,0.582534,0.0913532,0.683788,0.756647,0.753119,0.582435,0.727452,0.18659,0.869616,0.188232,0.189443,0.184249,0.401148,0.0570024,0.947796,0.587798,0.396591,0.840348,0.12487,0.0174982,0.525445,0.0490047,0.109491,0.57277,0.202853,0.819496,0.998319,0.326739,0.541363
332,1,2,0.596346,0.994775,0.274213,0.966559,0.0266084,0.440739,0.735229,0.260403,0.62565,0.8384,0.580756,0.715621,0.741684,0.686941,0.675231,0.893114,0.205882,0.689417,0.352481,0.283798,0.12611,0.693863,0.129857,0.305814,0.676196,0.759239,0.8586,0.619748,0.962733,0.0774116,0.628347,0.512835
333,1,4,0.10565,0.328571,0.812851,0.602256,0.578756,0.322325,0.618285,0.776894,0.781462,0.0707914,0.703277,0.660388,0.834458,0.809195,0.0562139,0.672832,0.747521,0.497229,0.850853,0.950307,0.286135,0.299938,0.640447,0.0191679,0.314162,0.431989,0.957971,0.0330119,0.0334236,0.953937,0.579793,0.209918
334,4,3,0.71222,0.774572,0.17589,0.217729,0.235383,0.621227,0.494371,0.048079,0.914835,0.483575,0.211714,0.0146471,0.14424,0.921144,0.758977,0.976086,0.50062,0.222283,0.911785,0.208106,0.146615,0.75372,0.645928,0.253379,0.232879,0.895077,0.15676,0.573929,0.683429,0.350778,0.593685,0.832694
335,5,3,0.309463,0.911633,0.447972,0.928014,0.405472,0.16542,0.984089,0.00232341,0.292249,0.983931,0.294817,0.906138,0.354548,0.0554452,0.564594,0.833034,0.252323,0.457805,0.91529,0.258962,0.265686,0.878747,0.895816,0.196667,0.103475,0.9473,0.656563,0.205621,0.906986,0.613683,0.168749,0.223086
336,1,1,0.452883,0.683975,0.945715,0.190228,0.67682,0.520886,0.301587,0.46906,0.188303,0.0710374,0.303735,0.818308,0.0930174,0.335682,0.143868,0.574582,0.10466,0.514784,0.422944,0.51326,0.795578,0.107222,0.141384,0.423482,0.13032,0.452367,0.643429,0.733643,0.197183,0.840019,0.09761,0.544982
337,4,1,0.923731,0.236849,0.821471,0.164934,0.354065,0.124615,0.655821,0.365899,0.537276,0.229393,0.677124,0.218303,0.682671,0.0546932,0.628734,0.01767,0.266101,0.102768,0.0390064,0.172197,0.455567,0.430984,0.890974,0.51052,0.569497,0.140592,0.832391,0.424783,0.991624,0.341749,0.163616,0.183424
338,5,5,0.674294,0.467018,0.979955,0.685652,0.985601,0.226277,0.686679,0.131807,0.243615,0.887043,0.798556,0.275025,0.107029,0.223613,0.780699,0.857097,0.910196,0.817107,0.382833,0.448346,0.630635,0.489239,0.430143,0.217749,0.437765,0.0783017,0.310371,0.573432,0.76213,0.0983449,0.936177,0.449275
339,2,5,0.174781,0.952834,0.874744,0.239332,0.737431,0.624113,0.252837,0.474076,0.0672846,0.875685,0.267997,0.271431,0.912208,0.00370241,0.633179,0.162561,0.721055,0.349523,0.257152,0.315721,0.719388,0.791363,0.0281215,0.680561,0.375321,0.299556,0.626753,0.457744,0.146097,0.0955591,0.823004,0.898146
340,1,5,0.652281,0.979804,0.405197,0.868553,0.596044,0.173961,0.107451,0.0461965,0.0169128,0.579597,0.909564,0.912605,0.26963,0.177351,0.819677,0.00704291,0.99935,0.805496,0.211431,0.0767957,0.265171,0.413706,0.66286,0.678887,0.965449,0.236798,0.915814,0.0839626,0.502876,0.770021,0.79511,0.630175
341,2,1,0.977438,0.344308,0.964353,0.0617624,0.163729,0.73435,0.299423,0.521733,0.100155,0.213204,0.271718,0.781729,0.815956,0.203755,0.378316,0.260662,0.088397,0.0925286,0.342226,0.399432,0.981383,0.418929,0.629684,0.514562,0.416161,0.708964,0.166539,0.906101,0.986177,0.137734,0.820849,0.0543481
342,5,1,0.0700687,0.143621,0.0566256,0.65795,0.120378,0.727477,0.580769,0.786506,0.928763,0.243708,0.496743,0.305895,0.842945,0.483135,0.445887,0.0631831,0.708584,0.611142,0.731873,0.983735,0.173964,0.360806,0.361216,0.752847,0.637302,0.500034,0.0706966,0.127812,0.36154,0.582237,0.534799,0.299874
343,4,1,0.474534,0.63493,0.816057,0.858932,0.432067,0.34477,0.796391,0.390296,0.595415,0.891022,0.886595,0.813609,0.410943,0.714953,0.604304,0.248797,0.630019,0.910217,0.417383,0.154416,0.144312,0.62677,0.0935594,0.0288012,0.0166715,0.64372,0.873534,0.277144,0.236475,0.449677,0.211507,0.345265
344,4,1,0.320016,0.621981,0.506045,0.881976,0.162511,0.959084,0.959746,0.192346,0.851581,0.717373,0.86379,0.664339,0.406774,0.343378,0.762361,0.0190992,0.143876,0.689791,0.008619,0.945495,0.0199729,0.63212,0.586602,0.435293,0.455395,0.525154,0.518015,0.199629,0.00746314,0.750544,0.422687,0.74642
345,4,5,0.442694,0.877978,0.732219,0.26919,0.233019,0.982256,0.813142,0.382903,0.588431,0.177884,0.210763,0.35172,0.23672,0.44018,0.62803,0.0693078,0.82994,0.578218,0.415628,0.597632,0.2583,0.73893,0.867012,0.0291699,0.669268,0.541238,0.448085,0.0529074,0.4879,0.701144,0.204256,0.055728
346,5,3,0.358743,0.702083,0.995645,0.50739,0.480184,0.441504,0.485886,0.130673,0.565852,0.290999,0.916756,0.868959,0.800818,0.904453,0.45113,0.000747705,0.718699,0.594136,0.586236,0.719301,0.492367,0.618747,0.192316,0.0816798,0.463936,0.217725,0.245819,0.25034,0.914842,0.831725,0.335407,0.463199
347,1,1,0.533055,0.934893,0.631544,0.637086,0.54294,0.898668,0.129381,0.456509,0.375821,0.149436,0.0991461,0.929936,0.622954,0.458705,0.446874,0.181631,0.777985,0.302396,0.22047,0.0508026,0.164566,0.468301,0.406332,0.853128,0.926585,0.93358,0.710422,0.932602,0.418924,0.12523,0.517272,0.382054
348,2,3,0.984576,0.855165,0.666407,0.358756,0.285404,0.631117,0.585808,0.714898,0.109482,0.429845,0.965837,0.306442,0.174785,0.962213,0.64803,0.964488,0.245454,0.289436,0.717561,0.479625,0.776821,0.972844,0.67342,0.00486841,0.614499,0.412678,0.892469,0.100458,0.0786267,0.509158,0.330915,0.02467
349,5,3,0.988014,0.220699,0.38939,0.533308,0.732613,0.995994,0.684725,0.800536,0.212081,0.845642,0.238998,0.635265,0.281285,0.0415598,0.411127,0.206798,0.234325,0.925065,0.0196515,0.366113,0.879393,0.103637,0.96561,0.702405,0.34157,0.299458,0.338507,0.268857,0.00709181,0.997977,0.680251,0.858139
350,5,4,0.146608,0.980261,0.159666,0.650113,0.790083,0.742022,0.616291,0.031513,0.0448606,0.121605,0.622547,0.633085,0.308918,0.899024,0.368725,0.623744,0.769731,0.134025,0.810935,0.11576,0.400357,0.844186,0.947153,0.139302,0.406463,0.520232,0.771836,0.0371133,0.483877,0.0806698,0.897532,0.672348
351,1,3,0.0874168,0.341469,0.936493,0.21561,0.825535,0.81371,0.791311,0.217103,0.200911,0.542027,0.805119,0.968209,0.850133,0.147852,0.28915,0.940876,0.95226,0.182893,0.0498601,0.567443,0.149909,0.377008,0.537581,0.964929,0.575792,0.273542,0.64515,0.399658,0.0169691,0.98286,0.960367,0.53647
352,4,3,0.143062,0.257778,0.0140145,0.701364,0.566858,0.014373,0.932267,0.0495126,0.665947,0.599359,0.822657,0.341675,0.0132812,0.953316,0.542015,0.903191,0.459563,0.713706,0.498968,0.818146,0.0722132,0.667332,0.684435,0.125582,0.50322,0.765543,0.765149,0.210192,0.485291,0.323443,0.149382,0.819234
353,3,4,0.172386,0.859941,0.872395,0.213035,0.613116,0.607778,0.157204,0.083791,0.962338,0.643061,0.518365,0.762534,0.0728984,0.584931,0.626833,0.266232,0.253199,0.0313427,0.803693,0.119449,0.817822,0.622303,0.978947,0.93442,0.50187,0.206534,0.454957,0.735026,0.753476,0.866451,0.132471,0.520882
354,4,2,0.546248,0.815015,0.0894731,0.260675,0.417984,0.296896,0.853285,0.000627512,0.856154,0.963094,0.0992377,0.917545,0.0907209,0.764568,0.262695,0.079076,0.874766,0.447503,0.128903,0.101892,0.719997,0.0159203,0.101166,0.616183,0.623138,0.960829,0.356067,0.902868,0.788914,0.696755,0.23369,0.0966406
355,5,2,0.235683,0.320057,0.71366,0.76315,0.873678,0.802249,0.126802,0.385106,0.866596,0.417884,0.593575,0.044509,0.12711,0.289137,0.427542,0.451285,0.16086,0.116983,0.700348,0.453267,0.758868,0.853176,0.105797,0.581321,0.50614,0.0789298,0.814625,0.191671,0.936163,0.474544,0.513518,0.361487
356,1,5,0.535689,0.529267,0.39419,0.584396,0.848203,0.796862,0.492983,0.340967,0.471903,0.805466,0.490312,0.338611,0.846785,0.055433,0.831942,0.554188,0.40352,0.587902,0.3333,0.93454,0.491928,0.726061,0.572773,0.917773,0.238337,0.908347,0.793955,0.604574,0.486483,0.527762,0.334046,0.557441
357,3,2,0.238845,0.773168,0.949281,0.106266,0.3051,0.778428,0.168859,0.170538,0.460673,0.447351,0.307088,0.21046,0.0351592,0.689583,0.323145,0.87731,0.544109,0.290362,0.551712,0.0820107,0.356559,0.298493,0.447303,0.672362,0.965518,0.32876,0.377348,0.278112,0.258227,0.184435,0.243467,0.497516
358,2,1,0.75952,0.73101,0.205988,0.0766224,0.709296,0.664033,0.0211498,0.23756,0.418933,0.489279,0.775865,0.28609,0.338733,0.722769,0.563737,0.945307,0.204979,0.917077,0.741995,0.583426,0.0522791,0.46261,0.852543,0.8183,0.198196,0.683326,0.874398,0.183564,0.352529,0.820919,0.722684,0.428884
359,4,3,0.905912,0.281797,0.126637,0.267527,0.17852,0.519207,0.49303,0.23437,0.0819384,0.123566,0.19598,0.123691,0.943766,0.583276,0.97649,0.734759,0.376259,0.321533,0.923286,0.0346507,0.544825,0.127225,0.269742,0.914695,0.702399,0.493544,0.658902,0.453573,0.989125,0.0380492,0.265047,0.728637
360,3,4,0.0520238,0.202081,0.113646,0.110074,0.00391837,0.383388,0.999461,0.837162,0.802274,0.865295,0.786723,0.602846,0.509726,0.727536,0.300067,0.115156,0.151264,0.588126,0.284675,0.666966,0.375971,0.200713,0.75631,0.880155,0.539662,0.194997,0.0774836,0.313477,0.018029,0.620557,0.102332,0.63835
361,1,3,0.933193,0.112012,0.637402,0.849464,0.801826,0.532847,0.466375,0.471322,0.361666,0.981098,0.1084,0.740378,0.875933,0.118006,0.78316,0.756539,0.168118,0.0952489,0.512261,0.0274706,0.487375,0.403626,0.625092,0.993578,0.946187,0.174884,0.579771,0.672644,0.540217,0.173396,0.0503229,0.724787
362,1,3,0.187347,0.679972,0.0324708,0.202873,0.743353,0.745628,0.72333,0.995619,0.136056,0.66565,0.836079,0.49348,0.154786,0.923174,0.301176,0.0158518,0.248977,0.729924,0.372307,0.888747,0.254664,0.0616746,0.488951,0.450064,0.407408,0.204719,0.986569,0.566518,0.0559263,0.649543,0.142181,0.302623
363,2,1,0.625841,0.279339,0.0545093,0.369391,0.83644,0.15954,0.511939,0.885559,0.527008,0.0100104,0.561594,0.882409,0.170814,0.571679,0.19769,0.331658,0.318817,0.723057,0.593496,0.507752,0.210118,0.499109,0.116332,0.110142,0.970117,0.389516,0.0219818,0.241064,0.802697,0.0156959,0.788035,0.3601
364,1,4,0.135627,0.25683,0.145629,0.0925166,0.697432,0.100942,0.642807,0.199011,0.782746,0.999849,0.937481,0.00218414,0.691927,0.638673,0.155852,0.141244,0.243443,0.920628,0.842194,0.0936329,0.209306,0.955063,0.0725223,0.610926,0.70328,0.00126808,0.402526,0.894007,0.92004,0.521712,0.650255,0.26267
365,4,3,0.947857,0.926666,0.258557,0.483691,0.337213,0.315553,0.40226,0.788945,0.0512243,0.681786,0.496515,0.888752,0.123318,0.692514,0.40097,0.243528,0.35071,0.931659,0.77284,0.104836,0.803171,0.267943,0.153413,0.520195,0.366551,0.565742,0.373353,0.0153106,0.15141,0.780573,0.798454,0.361607
366,5,2,0.190382,0.80937,0.366722,0.379283,0.105805,0.0472249,0.628207,0.17644,0.121372,0.955903,0.985934,0.0704054,0.780682,0.354931,0.390239,0.503179,0.578564,0.493281,0.911342,0.00395994,0.554099,0.501163,0.174498,0.383772,0.378703,0.972079,0.843145,0.159159,0.644213,0.354154,0.650724,0.419481
367,3,1,0.893973,0.665831,0.919793,0.215513,0.0948492,0.221072,0.544126,0.729211,0.74051,0.500291,0.756927,0.415156,0.606716,0.169203,0.166787,0.187527,0.797421,0.0105516,0.720111,0.0914263,0.0861358,0.556839,0.46381,0.891873,0.173977,0.287165,0.337477,0.327747,0.0180811,0.115606,0.40033,0.388631
368,1,3,0.619583,0.917601,0.66349,0.673111,0.836291,0.990749,0.215463,0.882823,0.120482,0.472991,0.851537,0.519685,0.156613,0.190576,0.97476,0.462039,0.842538,0.903028,0.500877,0.0508534,0.981421,0.863557,0.0973767,0.340948,0.303066,0.899513,0.638224,0.94088,0.350007,0.670865,0.928373,0.664424
369,3,2,0.549412,0.83554,0.590866,0.961613,0.652728,0.775082,0.255666,0.621937,0.364566,0.606793,0.843681,0.84947,0.194943,0.541204,0.826868,0.80386,0.562655,0.508885,0.762188,0.0624443,0.713607,0.383947,0.207511,0.444441,0.568813,0.141617,0.867723,0.102496,0.432116,0.535465,0.966591,0.0851436
370,2,1,0.142786,0.744597,0.389435,0.964432,0.951702,0.717871,0.319721,0.992626,0.868098,0.698338,0.881251,0.293794,0.350187,0.672053,0.0832577,0.702157,0.724558,0.371727,0.311512,0.0177139,0.782924,0.7032,0.442655,0.0217001,0.485267,0.631188,0.777909,0.163616,0.382363,0.565604,0.443127,0.503913
371,2,3,0.367341,0.362866,0.525947,0.601091,0.808799,0.848607,0.361768,0.888642,0.524255,0.48385,0.670727,0.728422,0.269439,0.316455,0.277523,0.342186,0.933413,0.194464,0.723535,0.561948,0.577187,0.314564,0.64772,0.0843709,0.0292994,0.685006,0.618103,0.707753,0.509509,0.359992,0.54575,0.0767234
372,2,1,0.0814739,0.442335,0.193339,0.668671,0.950745,0.315416,0.4087,0.682599,0.466683,0.871489,0.0527098,0.237486,0.0375662,0.97892,0.717181,0.386368,0.538095,0.267259,0.508706,0.421511,0.243125,0.0943975,0.744751,0.125706,0.168237,0.414434,0.189935,0.762444,0.460712,0.900312,0.28628,0.664818
373,3,5,0.645238,0.67202,0.650972,0.635428,0.824517,0.805764,0.417709,0.825249,0.0730851,0.868203,0.273666,0.414132,0.980005,0.697864,0.596259,0.26825,0.709737,0.999336,0.00735783,0.175334,0.518206,0.0101144,0.0375287,0.148809,0.56923,0.775872,0.920771,0.446784,0.968419,0.4475,0.540553,0.955023
374,2,3,0.945017,0.311195,0.67361,0.209058,0.0648993,0.848482,0.465726,0.906019,0.240245,0.541597,0.469804,0.629424,0.455466,0.256914,0.582145,0.800803,0.35677,0.632122,0.16427,0.503514,0.503719,0.0601085,0.830203,0.915935,0.664012,0.615451,0.338368,0.192691,0.935523,0.606386,0.912208,0.677463
375,3,4,0.0394176,0.718102,0.741309,0.581454,0.82761,0.94777,0.967865,0.0536971,0.889836,0.106246,0.600535,0.173672,0.530052,0.690171,0.0278411,0.645596,0.246656,0.892059,0.459615,0.732877,0.628504,0.508355,0.557252,0.991832,0.742636,0.266108,0.279767,0.833192,0.564953,0.42679,0.0881422,0.648735
376,3,2,0.750161,0.633754,0.693401,0.140507,0.990643,0.442951,0.277891,0.561438,0.498189,0.849044,0.32953,0.443646,0.440603,0.918747,0.85695,0.440374,0.684209,0.54878,0.882441,0.796286,0.203511,0.583068,0.873361,0.960218,0.0597623,0.660336,0.888599,0.522709,0.329074,0.023592,0.314588,0.413733
377,1,4,0.94069,0.748106,0.0477814,0.208278,0.352231,0.20522,0.856572,0.189519,0.396054,0.125616,0.199157,0.311007,0.424794,0.885922,0.385552,0.774928,0.915416,0.735251,0.761934,0.797337,0.505116,0.269418,0.988371,0.887442,0.465278,0.137303,0.0582378,0.336346,0.262274,0.586748,0.43607,0.102905
378,4,4,0.947565,0.387246,0.766849,0.784406,0.268287,0.492896,0.590805,0.180875,0.721449,0.734762,0.941279,0.252144,0.881635,0.49081,0.515192,0.0755333,0.774653,0.617867,0.562145,0.665858,0.552704,0.378674,0.114742,0.954423,0.126138,0.874169,0.529534,0.707941,0.268862,0.713652,0.0210369,0.252402
379,2,5,0.0324866,0.198206,0.595277,0.144003,0.539194,0.999468,0.968815,0.622376,0.484213,0.430988,0.0636014,0.288165,0.551688,0.60392,0.841096,0.0495935,0.996849,0.094681,0.430343,0.0328567,0.320299,0.49917,0.906653,0.600607,0.191242,0.0624798,0.615429,0.721224,0.405714,0.230395,0.0410824,0.685201
380,3,4,0.265229,0.691106,0.686091,0.883193,0.94879,0.948198,0.268047,0.486751,0.811466,0.702325,0.0553598,0.851969,0.538121,0.356609,0.0705501,0.261397,0.934033,0.946599,0.766351,0.726304,0.65795,0.219682,0.823896,0.449083,0.64752,0.796452,0.968944,0.547063,0.713958,0.649952,0.924659,0.753768
381,2,2,0.117064,0.540079,0.528178,0.749614,0.126873,0.727563,0.592493,0.629872,0.482493,0.359789,0.622575,0.405812,0.010047,0.970439,0.19484,0.112386,0.49133,0.268505,0.950504,0.492402,0.383609,0.83673,0.424372,0.163676,0.714696,0.276955,0.603793,0.0657982,0.298926,0.705985,0.410816,0.238209
382,1,2,0.966021,0.443701,0.130634,0.891314,0.371837,0.41133,0.025839,0.145225,0.221779,0.524315,0.780471,0.962958,0.201175,0.607686,0.0800634,0.983387,0.474453,0.841107,0.00996924,0.0359658,0.0847661,0.6584,0.807626,0.286767,0.771473,0.559617,0.915139,0.279345,0.854515,0.34887,0.683176,0.923169
383,5,1,0.782849,0.874109,0.845511,0.0304578,0.799082,0.0908765,0.508479,0.854675,0.232902,0.630556,0.84533,0.747236,0.727163,0.209418,0.980761,0.537083,0.155693,0.737219,0.225665,0.627314,0.211798,0.471699,0.79254,0.959784,0.186907,0.676157,0.0666598,0.907751,0.998561,0.729771,0.0248172,0.735464
384,3,5,0.365367,0.359465,0.841615,0.858369,0.554621,0.232604,0.901631,0.115506,0.926193,0.326106,0.00909819,0.220438,0.0754122,0.925288,0.250359,0.867967,0.669315,0.499683,0.888272,0.0613439,0.459942,0.714562,0.606973,0.623412,0.1885,0.970555,0.804967,0.558953,0.967328,0.336394,0.268599,0.519022
385,2,4,0.0861161,0.696362,0.559137,0.671976,0.502783,0.240682,0.144436,0.743603,0.442066,0.750272,0.334105,0.317289,0.521831,0.483714,0.585654,0.294603,0.00849558,0.258705,0.761006,0.0258961,0.713014,0.285212,0.366286,0.55397,0.0529359,0.00160118,0.754933,0.283219,0.955175,0.88141,0.240152,0.593649
386,2,5,0.183813,0.403364,0.576936,0.676472,0.154841,0.189933,0.356194,0.818747,0.697013,0.116689,0.560116,0.656001,0.386463,0.341149,0.42025,0.747513,0.562111,0.549765,0.00586473,0.452353,0.0785099,0.169422,0.881258,0.636821,0.077879,0.97477,0.706804,0.825603,0.920038,0.0600082,0.270684,0.376229
387,2,5,0.568921,0.503044,0.881709,0.662112,0.941906,0.912599,0.739563,0.873795,0.0866198,0.50182,0.669154,0.437646,0.410304,0.339693,0.470701,0.719019,0.0491484,0.286987,0.191062,0.249888,0.790514,0.35625,0.453959,0.177215,0.301662,0.69512,0.384019,0.616241,0.8544,0.482879,0.748999,0.390326
388,2,1,0.117502,0.0291238,0.251998,0.769108,0.920756,0.90191,0.581589,0.446355,0.53348,0.55069,0.596394,0.944464,0.366028,0.212278,0.807107,0.520135,0.523286,0.474721,0.116748,0.258393,0.129065,0.818593,0.536859,0.899601,0.93657,0.781933,0.308352,0.195359,0.869541,0.0867486,0.764096,0.605444
389,4,3,0.0363407,0.672826,0.101847,0.530424,0.728494,0.662786,0.19967,0.590171,0.371271,0.422703,0.501699,0.200877,0.725468,0.305702,0.113231,0.524501,0.406366,0.651868,0.485073,0.779483,0.540827,0.767171,0.818361,0.972689,0.171678,0.285841,0.807831,0.0711107,0.692878,0.345657,0.555871,0.743294
390,5,4,0.412018,0.817788,0.138398,0.549326,0.665765,0.929792,0.524672,0.947863,0.639375,0.0693045,0.337999,0.456413,0.906867,0.609689,0.58737,0.255873,0.0854025,0.407077,0.449804,0.677682,0.756356,0.226734,0.794135,0.601981,0.494597,0.697448,0.894748,0.0904963,0.267668,0.497529,0.410599,0.26308
391,4,4,0.896257,0.189556,0.685713,0.892238,0.858981,0.430941,0.0887733,0.198003,0.864995,0.438022,0.32062,0.408744,0.178332,0.428919,0.23937,0.585561,0.417969,0.521174,0.251192,0.149777,0.320568,0.0655791,0.134978,0.729415,0.296177,0.559717,0.572284,0.359001,0.441854,0.808358,0.346719,0.388058
392,4,5,0.89351,0.305756,0.756789,0.0728453,0.332001,0.93264,0.744442,0.394551,0.15198,0.792693,0.130318,0.279144,0.345627,0.646365,0.807702,0.873311,0.246348,0.041644,0.0632534,0.830636,0.13171,0.571333,0.858745,0.607472,0.633783,0.523158,0.253201,0.874475,0.555296,0.0434334,0.52758,0.261028
393,2,4,0.233188,0.752346,0.864403,0.0176452,0.309369,0.517006,0.694132,0.529573,0.0161246,0.400882,0.372657,0.297393,0.35171,0.681725,0.543484,0.20779,0.0727363,0.798949,0.790131,0.803037,0.217781,0.415261,0.677038,0.283548,0.803212,0.283878,0.561877,0.482291,0.740883,0.719579,0.66186,0.358869
394,5,1,0.808859,0.382484,0.294701,0.304523,0.571213,0.0248595,0.745398,0.0039141,0.378956,0.227208,0.302768,0.406406,0.459346,0.851261,0.817963,0.798484,0.929922,0.267165,0.545083,0.24454,0.661466,0.227322,0.903274,0.339237,0.0985468,0.498199,0.232079,0.438668,0.7089,0.218273,0.823744,0.130451
395,2,1,0.415107,0.153963,0.0893399,0.705356,0.437781,0.243639,0.230735,0.468602,0.291196,0.591301,0.772268,0.886841,0.0755271,0.888855,0.827581,0.745734,0.427669,0.035157,0.596064,0.57507,0.0896522,0.786583,0.337359,0.017288,0.0897009,0.549685,0.961544,0.857764,0.807262,0.474102,0.459633,0.00410621
396,5,5,0.933455,0.416636,0.344597,0.155009,0.160984,0.664451,0.563164,0.708799,0.943774,0.17788,0.00383029,0.888533,0.238125,0.441908,0.938448,0.142846,0.171086,0.764252,0.113243,0.789975,0.570187,0.639295,0.861844,0.853466,0.47711,0.737373,0.994564,0.882206,0.679172,0.433888,0.0740749,0.747597
397,5,3,0.407894,0.724931,0.287403,0.114184,0.557879,0.518319,0.304308,0.587348,0.0864575,0.174211,0.00142834,0.962892,0.449583,0.17558,0.836863,0.177558,0.572315,0.915167,0.999207,0.465205,0.286847,0.0631883,0.280455,0.598188,0.159749,0.601826,0.164064,0.0645008,0.285187,0.972522,0.79284,0.54403
398,3,3,0.975087,0.520115,0.23229,0.610732,0.881298,0.2643,0.328255,0.287241,0.112841,0.511339,0.870025,0.806686,0.636106,0.0498646,0.164731,0.603404,0.429831,0.806778,0.287258,0.156917,0.736795,0.0150225,0.453416,0.312713,0.98928,0.588144,0.054745,0.138283,0.355015,0.426122,0.4819,0.552321
399,3,1,0.315936,0.274412,0.72924,0.40003,0.874747,0.778339,0.938719,0.941215,0.805093,0.86188,0.85058,0.564283,0.550545,0.410293,0.825888,0.332957,0.303504,0.124957,0.398479,0.106551,0.316913,0.688358,0.467387,0.259794,0.28558,0.254662,0.961611,0.998195,0.312845,0.187926,0.0980445,0.14806
400,2,3,0.0570991,0.579805,0.110543,0.627864,0.219389,0.365228,0.46435,0.535413,0.433251,0.7884,0.799692,0.818104,0.739475,0.957912,0.426318,0.824268,0.333704,0.564841,0.316469,0.179657,0.773995,0.0997636,0.0520724,0.0545119,0.0128216,0.666526,0.795544,0.807536,0.477146,0.508684,0.130881,0.0547142
401,5,5,0.932504,0.935749,0.859503,0.597613,0.709785,0.809427,0.482225,0.800153,0.520324,0.932129,0.975245,0.770229,0.96577,0.747701,0.215269,0.234103,0.811105,0.0599252,0.197243,0.517599,0.213537,0.124434,0.676093,0.962196,0.405001,0.289925,0.931544,0.852944,0.0890097,0.387625,0.511526,0.323194
402,2,3,0.904114,0.363323,0.156529,0.390288,0.366638,0.106092,0.619121,0.670447,0.159395,0.288839,0.968022,0.585604,0.914749,0.591352,0.16695,0.7192,0.121155,0.745241,0.0854085,0.514452,0.909444,0.330992,0.193624,0.837451,0.416285,0.309866,0.448851,0.507509,0.599011,0.401253,0.0717353,0.855078
403,1,2,0.93149,0.386099,0.90841,0.689824,0.781291,0.602441,0.0194012,0.107247,0.327007,0.508169,0.627959,0.735478,0.27519,0.992075,0.909587,0.629147,0.633889,0.370293,0.0719067,0.226152,0.909006,0.87283,0.957767,0.814565,0.0777124,0.233923,0.53236,0.200632,0.303364,0.715137,0.392839,0.314952
404,5,1,0.578072,0.15229,0.957979,0.263976,0.503073,0.427508,0.0829146,0.732838,0.620001,0.336308,0.340223,0.328604,0.855925,0.284913,0.434678,0.478284,0.19284,0.180637,0.191106,0.485631,0.768764,0.704176,0.265588,0.0297905,0.767233,0.00977938,0.205887,0.0751229,0.321686,0.53566,0.465487,0.854455
405,1,5,0.931731,0.936661,0.206872,0.106279,0.358219,0.841984,0.149399,0.482855,0.509985,0.659357,0.460583,0.510683,0.90076,0.477048,0.930005,0.834899,0.383567,0.755886,0.491738,0.483402,0.896236,0.111636,0.806708,0.115403,0.00365631,0.801539,0.32006,0.529391,0.421774,0.481589,0.229716,0.680567
406,4,1,0.0377845,0.628873,0.64337,0.762848,0.26251,0.765271,0.0523472,0.356261,0.230979,0.274083,0.801914,0.801164,0.851489,0.377179,0.483066,0.903336,0.416071,0.0696907,0.977854,0.0582175,0.200565,0.927004,0.215359,0.648455,0.291867,0.379599,0.172757,0.75506,0.379366,0.672327,0.910834,0.531201
407,3,1,0.411947,0.81218,0.934411,0.866023,0.0484642,0.172169,0.210276,0.850512,0.565889,0.877847,0.615553,0.549429,0.0395575,0.656179,0.403039,0.382237,0.649154,0.281792,0.698071,0.721983,0.63814,0.861875,0.320563,0.654078,0.0935201,0.511591,0.427112,0.158925,0.128754,0.0534587,0.947624,0.445692
408,3,1,0.317259,0.569335,0.766304,0.382729,0.497949,0.757189,0.310034,0.305649,0.811968,0.592983,0.867152,0.537684,0.673008,0.00471243,0.0469644,0.0723894,0.566323,0.290368,0.763295,0.882235,0.136503,0.147015,0.228671,0.710894,0.882495,0.973367,0.0201217,0.790568,0.752727,0.242945,0.473773,0.908365
409,3,1,0.00709653,0.468142,0.819398,0.887542,0.359825,0.641266,0.540766,0.413645,0.677301,0.292813,0.70263,0.375099,0.95598,0.508942,0.53134,0.319044,0.39972,0.968968,0.953704,0.933078,0.64211,0.870671,0.29815,0.42183,0.126464,0.691302,0.842555,0.902829,0.362182,0.850429,0.66047,0.414327
410,3,1,0.19893,0.0756304,0.601687,0.577064,0.0606831,0.642628,0.413342,0.849843,0.546615,0.292515,0.436047,0.16747,0.748672,0.379006,0.827925,0.353575,0.771243,0.132469,0.038813,0.672283,0.194129,0.508692,0.536608,0.721123,0.934822,0.352691,0.834957,0.325702,0.842534,0.472576,0.303208,0.877407
411,4,4,0.470706,0.804833,0.157372,0.368988,0.0310681,0.854619,0.946903,0.802203,0.240713,0.348761,0.239949,0.693877,0.0833791,0.159633,0.928508,0.896282,0.579737,0.404491,0.667037,0.455626,0.911577,0.705759,0.34562,0.82084,0.621507,0.236343,0.0387995,0.66135,0.186773,0.391998,0.831246,0.368703
412,3,4,0.350643,0.387183,0.376811,0.346108,0.533554,0.835888,0.000241005,0.101276,0.241244,0.675893,0.208232,0.248725,0.250483,0.0154982,0.805906,0.166764,0.279674,0.606662,0.191521,0.709127,0.504263,0.0210578,0.865645,0.0364254,0.24135,0.902542,0.0785362,0.0733058,0.356405,0.894182,0.747652,0.228166
413,3,1,0.816793,0.309733,0.959592,0.858752,0.792663,0.700455,0.603803,0.401813,0.493342,0.0763025,0.0400691,0.7327,0.984322,0.616885,0.383481,0.00291172,0.152228,0.00941985,0.666709,0.808793,0.284288,0.2594,0.585778,0.636134,0.586768,0.454214,0.44573,0.86343,0.836119,0.916961,0.264967,0.996808
414,3,3,0.537692,0.862964,0.663625,0.266021,0.783972,0.590816,0.394807,0.505773,0.646047,0.0179881,0.150611,0.932771,0.932648,0.0783271,0.383059,0.688219,0.729521,0.785007,0.0203411,0.795288,0.205187,0.135495,0.487083,0.44757,0.878252,0.829429,0.527255,0.302679,0.92987,0.467749,0.483797,0.272794
415,3,1,0.119747,0.887838,0.802656,0.455124,0.246965,0.555912,0.899612,0.403976,0.910824,0.460117,0.94331,0.0151742,0.52023,0.283745,0.677094,0.436582,0.778516,0.633797,0.131015,0.450052,0.600957,0.337817,0.0342979,0.388099,0.497566,0.242293,0.154843,0.924494,0.182923,0.521743,0.365048,0.0134095
416,2,1,0.623172,0.972962,0.0744284,0.221451,0.503692,0.805608,0.182625,0.0582753,0.573975,0.921163,0.637405,0.874417,0.556709,0.571093,0.738295,0.00899866,0.335609,0.257811,0.765107,0.406823,0.432767,0.460064,0.484185,0.297679,0.648102,0.0329479,0.0183584,0.590127,0.653994,0.524155,0.618585,0.283001
417,1,3,0.0857943,0.994594,0.0909355,0.481986,0.923224,0.756004,0.689279,0.452314,0.127103,0.0431703,0.356723,0.309601,0.592483,0.32011,0.835572,0.838353,0.0436609,0.65423,0.236633,0.27543,0.889749,0.96774,0.00916555,0.321542,0.201399,0.998234,0.959024,0.996164,0.613402,0.191211,0.261671,0.312741
418,3,4,0.0281913,0.664101,0.244745,0.528047,0.881486,0.969441,0.415914,0.723989,0.720333,0.212045,0.918285,0.105098,0.40804,0.688401,0.191277,0.158452,0.517118,0.787677,0.908084,0.311037,0.804374,0.326893,0.0658298,0.0107984,0.692573,0.701011,0.571898,0.11327,0.907463,0.772881,0.122481,0.491868
419,1,4,0.879463,0.583927,0.410024,0.0824333,0.481995,0.765652,0.0704607,0.0697995,0.278144,0.478702,0.324507,0.172349,0.945122,0.752335,0.282667,0.911591,0.460869,0.554126,0.671304,0.527147,0.162183,0.763963,0.486442,0.00507881,0.738539,0.917759,0.866855,0.197449,0.626259,0.984119,0.669053,0.736254
420,3,2,0.945777,0.656203,0.132574,0.471663,0.774673,0.571628,0.264816,0.0464029,0.933593,0.623959,0.71996,0.626098,0.753814,0.891201,0.219059,0.505656,0.44304,0.0771444,0.617813,0.306196,0.769974,0.655629,0.103959,0.239259,0.962365,0.280528,0.890221,0.820469,0.270349,0.58432,0.82276,0.508527
421,4,2,0.461806,0.730928,0.314434,0.287718,0.580969,0.737064,0.729889,0.0701015,0.410933,0.864541,0.629219,0.499566,0.699313,0.438508,0.711122,0.611023,0.0519661,0.624192,0.859748,0.132035,0.458253,0.756234,0.262416,0.275928,0.241765,0.904962,0.483014,0.817851,0.886832,0.346266,0.378348,0.807739
422,3,1,0.0968187,0.100948,0.476057,0.961888,0.991686,0.652602,0.770438,0.4561,0.210528,0.397773,0.501441,0.324705,0.233625,0.981448,0.409561,0.134747,0.780084,0.314805,0.771225,0.485498,0.2281,0.478,0.922223,0.471366,0.592568,0.175784,0.379924,0.144933,0.501936,0.254768,0.605071,0.914526
423,3,4,0.486405,0.757425,0.504933,0.757548,0.176412,0.80977,0.812733,0.886616,0.54176,0.263036,0.13108,0.224559,0.766157,0.465506,0.932444,0.265089,0.947307,0.73431,0.369018,0.63594,0.135517,0.874988,0.5184,0.0827383,0.112609,0.915083,0.933987,0.293349,0.18358,0.490694,0.252766,0.438611
424,5,2,0.383164,0.420333,0.794663,0.943553,0.456317,0.902534,0.170768,0.872161,0.26721,0.0712583,0.509113,0.854258,0.147454,0.781635,0.611656,0.103513,0.565747,0.107414,0.714702,0.101164,0.937705,0.0113326,0.912255,0.548634,0.946076,0.973394,0.244716,0.438685,0.131565,0.540757,0.302277,0.96797
425,5,1,0.972053,0.85847,0.859325,0.54639,0.110018,0.569476,0.947428,0.343174,0.423358,0.561584,0.00931029,0.0731425,0.442394,0.764644,0.0460692,0.284688,0.543878,0.887608,0.338554,0.367851,0.473435,0.142824,0.61317,0.695882,0.868801,0.164578,0.661902,0.753681,0.434049,0.968112,0.819428,0.779553
426,4,5,0.11976,0.599886,0.531933,0.695411,0.284512,0.825458,0.0470612,0.0560023,0.668547,0.480108,0.862771,0.535371,0.162903,0.169125,0.812414,0.32245,0.853396,0.440222,0.91434,0.83321,0.265285,0.929408,0.903953,0.628423,0.320663,0.394945,0.552338,0.254031,0.0505075,0.982135,0.0438811,0.98302
427,5,4,0.44448,0.785669,0.256292,0.32578,0.190413,0.817001,0.669953,0.408793,0.000401544,0.326773,0.805891,0.744865,0.0792496,0.0796539,0.19149,0.0485627,0.386236,0.447954,0.484859,0.445639,0.354995,0.895644,0.320712,0.126153,0.963916,0.123284,0.64158,0.147453,0.023433,0.0297363,0.430176,0.0717317
428,1,1,0.301456,0.431584,0.0945563,0.763603,0.758385,0.992598,0.606014,0.659035,0.570312,0.0504556,0.0535766,0.104563,0.140499,0.881004,0.622549,0.527496,0.207824,0.824837,0.50407,0.856612,0.544882,0.927675,0.283507,0.949829,0.948425,0.554826,0.842464,0.34102,0.722373,0.961865,0.0779939,0.547406
429,1,1,0.492781,0.642777,0.160713,0.587685,0.978265,0.895793,0.15852,0.653187,0.487468,0.349052,0.364121,0.966226,0.639386,0.801619,0.129036,0.630418,0.430316,0.292925,0.274705,0.37354,0.887752,0.66997,0.0405857,0.0719808,0.913728,0.256681,0.832994,0.713901,0.297571,0.480018,0.789291,0.402394
430,2,4,0.966866,0.441849,0.526595,0.770692,0.303281,0.264013,0.362583,0.00539855,0.0664053,0.668505,0.989349,0.972627,0.0392919,0.606827,0.654907,0.119922,0.442736,0.320733,0.948916,0.867642,0.246,0.232568,0.532087,0.607696,0.482356,0.402671,0.702866,0.207844,0.0680102,0.813407,0.193789,0.742831
431,3,3,0.738151,0.236337,0.189139,0.097857,0.573492,0.576159,0.215244,0.553678,0.861625,0.188385,0.942185,0.0562467,0.518493,0.0807085,0.352309,0.992771,0.234058,0.783584,0.049781,0.921987,0.2685,0.195055,0.654236,0.960569,0.533617,0.142654,0.944041,0.509082,0.396277,0.829696,0.693863,0.349803
432,4,2,0.512576,0.128185,0.267774,0.122922,0.454951,0.619568,0.470785,0.675532,0.706643,0.777332,0.94064,0.556682,0.329321,0.645759,0.0422005,0.0135173,0.496295,0.162171,0.544461,0.984915,0.168441,0.0759935,0.760465,0.678788,0.984929,0.176083,0.945775,0.716719,0.197106,0.70599,0.875363,0.234199
433,3,2,0.453847,0.654771,0.540611,0.390086,0.8496,0.194548,0.480135,0.73168,0.373207,0.154148,0.493247,0.855644,0.57913,0.51467,0.189078,0.105701,0.900908,0.694072,0.674187,0.519163,0.633269,0.298058,0.0994962,0.422539,0.604174,0.298338,0.120961,0.263026,0.0786977,0.163608,0.527311,0.362767
434,2,4,0.58881,0.683434,0.0892222,0.683877,0.430983,0.50184,0.174787,0.777945,0.9871,0.84134,0.56115,0.579766,0.687437,0.618935,0.325418,0.282886,0.0947389,0.894869,0.975871,0.024206,0.286259,0.348602,0.423808,0.7218,0.649864,0.0800895,0.0246973,0.18317,0.810259,0.589286,0.536578,0.559994
435,3,2,0.061608,0.812613,0.162498,0.12858,0.895034,0.018381,0.686024,0.689638,0.249902,0.301392,0.0656008,0.625984,0.690615,0.150545,0.572408,0.46904,0.40452,0.504425,0.363611,0.585078,0.216814,0.51317,0.669611,0.495691,0.970668,0.332734,0.175715,0.0711802,0.597117,0.0895202,0.424185,0.433778
436,4,5,0.254147,0.516135,0.825135,0.304838,0.485256,0.68791,0.543406,0.863955,0.304761,0.298863,0.181808,0.192984,0.0859104,0.116181,0.714119,0.616254,0.196234,0.443856,0.690075,0.188016,0.390376,0.653137,0.415775,0.148483,0.469177,0.554301,0.367709,0.527148,0.10062,0.734228,0.309632,0.0551096
437,4,5,0.665784,0.702992,0.286224,0.216126,0.460103,0.183405,0.193447,0.43166,0.210372,0.817565,0.0230471,0.84295,0.896747,0.520456,0.210707,0.860811,0.227534,0.00544371,0.279601,0.0351746,0.127408,0.911822,0.639263,0.775332,0.0751429,0.450706,0.134202,0.75361,0.644757,0.955639,0.339661,0.77209
438,5,1,0.557425,0.760607,0.256021,0.168211,0.650828,0.833574,0.116274,0.195109,0.53641,0.892611,0.437148,0.45865,0.267874,0.676977,0.604005,0.497241,0.871334,0.0939909,0.998905,0.290722,0.607763,0.983732,0.404706,0.960715,0.225207,0.320487,0.257096,0.996297,0.479455,0.845551,0.367278,0.610959
439,3,1,0.368295,0.901447,0.373445,0.557429,0.383535,0.868476,0.83662,0.834429,0.650788,0.833006,0.614169,0.698174,0.334143,0.291415,0.817904,0.33616,0.0383639,0.308469,0.870797,0.020046,0.51275,0.582569,0.39825,0.698834,0.497167,0.853866,0.667416,0.140165,0.0127654,0.544183,0.871552,0.00800814
440,1,3,0.342967,0.0542117,0.138246,0.725478,0.439465,0.0810596,0.496323,0.716453,0.403647,0.249625,0.67866,0.877713,0.420897,0.81315,0.961418,0.95783,0.599277,0.883762,0.807478,0.933329,0.109356,0.858742,0.397291,0.693382,0.336848,0.170259,0.569482,0.271708,0.861114,0.212727,0.0783382,0.603586
441,1,4,0.850318,0.86708,0.21285,0.952673,0.668753,0.40486,0.542878,0.506351,0.832894,0.971516,0.125089,0.276239,0.129783,0.792391,0.556818,0.22524,0.946379,0.68146,0.414998,0.253616,0.326942,0.883733,0.606689,0.561478,0.930449,0.185934,0.836928,0.224369,0.995484,0.493849,0.0225686,0.961602
442,1,2,0.609468,0.48831,0.820576,0.337719,0.285244,0.549268,0.239211,0.748361,0.786976,0.783929,0.0563819,0.324609,0.369383,0.721159,0.505809,0.657789,0.560349,0.959112,0.728615,0.93109,0.354846,0.789379,0.612684,0.723395,0.585375,0.274042,0.547616,0.845965,0.640483,0.427506,0.259449,0.272241
443,2,5,0.119272,0.835935,0.224582,0.148633,0.500198,0.456159,0.840443,0.492358,0.701293,0.0366297,0.789041,0.195746,0.350976,0.826742,0.404654,0.830767,0.393682,0.292415,0.191873,0.874897,0.0612167,0.771783,0.590916,0.417907,0.989217,0.748406,0.16683,0.961335,0.0466848,0.45897,0.779532,0.238427
444,3,2,0.829644,0.603744,0.703937,0.105265,0.945674,0.572683,0.408927,0.500581,0.66197,0.855589,0.464855,0.530695,0.630589,0.255232,0.449599,0.675644,0.188632,0.542575,0.507897,0.233045,0.528584,0.573628,0.810604,0.821536,0.735521,0.0285709,0.663792,0.630851,0.113387,0.349585,0.720616,0.292671
445,2,4,0.8941,0.342023,0.919871,0.832239,0.0551566,0.274798,0.820642,0.733153,0.0376974,0.0940598,0.36717,0.951396,0.5423,0.622317,0.148101,0.706719,0.746314,0.298039,0.00835471,0.412097,0.168599,0.223778,0.580797,0.932536,0.714388,0.488104,0.916643,0.630448,0.705497,0.734272,0.671779,0.371106
446,5,4,0.00128442,0.675992,0.120159,0.705659,0.534555,0.48923,0.67513,0.382937,0.417448,0.222082,0.730679,0.824626,0.521862,0.60835,0.0741762,0.444352,0.192016,0.943996,0.839998,0.0478388,0.724913,0.850172,0.894762,0.997583,0.117557,0.886942,0.990223,0.810437,0.209407,0.374306,0.0117799,0.231314
447,3,4,0.281074,0.304575,0.668019,0.17604,0.176682,0.786526,0.580229,0.312544,0.904035,0.914442,0.320181,0.840633,0.670254,0.84764,0.187904,0.77157,0.624795,0.880881,0.33645,0.805747,0.211208,0.602511,0.313182,0.295823,0.178841,0.888209,0.901916,0.840604,0.397187,0.472879,0.245279,0.0390787
448,2,5,0.320536,0.0505969,0.744419,0.92628,0.97122,0.961631,0.438034,0.18949,0.861033,0.676389,0.565863,0.092269,0.157236,0.729517,0.690623,0.347288,0.513434,0.68105,0.650607,0.372876,0.889687,0.145568,0.440435,0.40611,0.901178,0.112674,0.750669,0.576883,0.488605,0.0409515,0.603222,0.52732
449,3,4,0.983597,0.837873,0.667351,0.882782,0.0438468,0.922049,0.326622,0.104528,0.623314,0.128747,0.0563333,0.557007,0.0238842,0.893973,0.450024,0.974349,0.33269,0.0462619,0.438299,0.355774,0.262693,0.212894,0.164718,0.755966,0.689143,0.640194,0.514571,0.119888,0.200154,0.483522,0.319589,0.685441
450,4,4,0.0722294,0.0200527,0.147453,0.89047,0.0732456,0.569281,0.812317,0.811909,0.752409,0.807938,0.753313,0.189853,0.716325,0.110172,0.669385,0.721287,0.476992,0.156427,0.642278,0.849937,0.0383615,0.726189,0.621464,0.841825,0.777878,0.299013,0.500358,0.316598,0.357513,0.671222,0.277427,0.031446
451,3,4,0.692801,0.835783,0.870968,0.415164,0.342334,0.764879,0.769772,0.174611,0.561356,0.32226,0.882836,0.974305,0.527812,0.986328,0.51763,0.512605,0.577877,0.93427,0.749315,0.522731,0.964691,0.291588,0.0735634,0.266899,0.0534346,0.929506,0.93755,0.172446,0.529876,0.579632,0.614903,0.555525
452,5,1,0.0936575,0.499243,0.768089,0.272286,0.747225,0.169397,0.311703,0.620819,0.306239,0.718991,0.837841,0.569521,0.0723573,0.738351,0.881105,0.141521,0.256662,0.88247,0.592985,0.582395,0.935994,0.126844,0.678123,0.461925,0.41443,0.844792,0.689534,0.897562,0.34398,0.26465,0.277258,0.711266
453,5,1,0.75079,0.0335459,0.64472,0.560399,0.35529,0.694828,0.0491608,0.795787,0.0310569,0.340216,0.554181,0.00652541,0.762033,0.479519,0.537379,0.0158535,0.840785,0.0919845,0.0334265,0.326689,0.366752,0.437172,0.23707,0.279469,0.447273,0.581865,0.0723764,0.0553498,0.954132,0.14458,0.223255,0.695258
454,1,5,0.425893,0.639775,0.985524,0.0546846,0.554058,0.407382,0.930833,0.177409,0.00534899,0.109636,0.748239,0.567033,0.903051,0.928336,0.139721,0.054787,0.0961258,0.421554,0.424573,0.707535,0.933679,0.462688,0.542387,0.806496,0.527456,0.179645,0.141126,0.959594,0.00078951,0.385163,0.81014,0.34157
455,4,5,0.63385,0.563867,0.914616,0.516444,0.208652,0.726978,0.665273,0.579834,0.0786986,0.162516,0.603755,0.674198,0.163932,0.133469,0.735954,0.805858,0.301231,0.989737,0.463391,0.377388,0.599431,0.444756,0.171273,0.0464337,0.741638,0.0137332,0.30264,0.921419,0.662372,0.128624,0.158283,0.445779
456,1,4,0.128188,0.889319,0.425357,0.519398,0.247206,0.565033,0.748375,0.669684,0.262035,0.961382,0.881717,0.60267,0.89182,0.559475,0.196441,0.0145341,0.613846,0.0809497,0.0877176,0.577172,0.391537,0.93624,0.713322,0.866691,0.659423,0.982579,0.624701,0.527834,0.282541,0.787931,0.378025,0.8404
457,3,2,0.719023,0.33875,0.503889,0.469978,0.708766,0.857917,0.248944,0.298548,0.324438,0.923743,0.334215,0.229806,0.0257424,0.749516,0.341048,0.630559,0.803305,0.749599,0.897299,0.437348,0.518218,0.932641,0.455502,0.632472,0.0308246,0.288296,0.879204,0.638455,0.0130102,0.286816,0.94475,0.293632
458,5,4,0.341935,0.85243,0.924218,0.500298,0.024391,0.678901,0.581425,0.391968,0.548933,0.263605,0.21932,0.95464,0.428887,0.603581,0.652264,0.933951,0.727131,0.203413,0.000716858,0.146894,0.936853,0.855823,0.164525,0.680917,0.23358,0.186578,0.263473,0.26936,0.0378201,0.800664,0.123052,0.453869
459,3,4,0.315217,0.318352,0.115301,0.38123,0.106991,0.990713,0.71946,0.247617,0.854569,0.506456,0.256952,0.844402,0.0209095,0.239223,0.22309,0.415214,0.0565157,0.615091,0.103395,0.481188,0.431508,0.459502,0.229918,0.36251,0.515946,0.586646,0.253494,0.624373,0.940537,0.65329,0.905944,0.0703681
460,4,5,0.354424,0.953237,0.381147,0.540986,0.411852,0.715267,0.727579,0.556732,0.451639,0.854741,0.85673,0.929583,0.944095,0.18422,0.335946,0.43686,0.560694,0.392382,0.0950565,0.405215,0.200469,0.125524,0.413466,0.813616,0.206203,0.0357662,0.876561,0.528227,0.158286,0.661878,0.455661,0.207469
461,2,3,0.691864,0.838549,0.383069,0.471084,0.869099,0.411149,0.568319,0.236568,0.439508,0.729993,0.0672406,0.131744,0.464689,0.680238,0.820736,0.842457,0.614541,0.228472,0.832162,0.866427,0.494012,0.0333232,0.118462,0.912787,0.0136398,0.118362,0.30322,0.645759,0.69799,0.250082,0.79026,0.836552
462,5,4,0.495654,0.135241,0.421119,0.570992,0.410523,0.407883,0.231349,0.661448,0.136371,0.881903,0.196689,0.409389,0.0553324,0.289881,0.198131,0.0145151,0.0092009,0.574839,0.627258,0.402275,0.316375,0.374649,0.973145,0.182935,0.193717,0.430055,0.345829,0.984442,0.357841,0.297754,0.00845149,0.599704
463,2,5,0.0319945,0.749158,0.94018,0.328774,0.892074,0.61086,0.535522,0.871265,0.543596,0.0154474,0.653778,0.435734,0.38705,0.224273,0.647222,0.388632,0.0447684,0.41599,0.0540476,0.746671,0.45723,0.0938219,0.549622,0.512584,0.887818,0.564195,0.104661,0.494158,0.822648,0.731873,0.210047,0.383791
464,1,1,0.316602,0.481803,0.400155,0.571214,0.150495,0.825531,0.50357,0.275236,0.801643,0.075202,0.441534,0.707784,0.490614,0.483012,0.848768,0.896504,0.706058,0.98268,0.490454,0.399109,0.257696,0.415439,0.884927,0.407963,0.57702,0.324554,0.221148,0.781687,0.26912,0.758996,0.803133,0.478645
465,4,5,0.992092,0.309559,0.130352,0.292303,0.796069,0.811087,0.394775,0.0875756,0.492216,0.805675,0.880651,0.669184,0.412911,0.732441,0.537494,0.432213,0.0492997,0.679726,0.00234747,0.609029,0.2448,0.76898,0.680583,0.44677,0.121265,0.472826,0.113762,0.643576,0.410961,0.108077,0.647837,0.436244
466,2,5,0.178451,0.0375523,0.0795882,0.316005,0.940397,0.31411,0.260666,0.633464,0.853346,0.1058,0.863491,0.628544,0.772523,0.0950402,0.168834,0.0949536,0.821801,0.728183,0.769251,0.324135,0.596723,0.977423,0.337202,0.0373529,0.262509,0.445107,0.121889,0.113136,0.509757,0.351379,0.585261,0.998222
467,3,5,0.475359,0.0483244,0.363514,0.563256,0.641006,0.647822,0.901259,0.209535,0.16392,0.145106,0.381409,0.904381,0.140869,0.968816,0.624944,0.991893,0.728871,0.789762,0.931913,0.663502,0.278872,0.34573,0.950211,0.171398,0.0632627,0.0789806,0.603014,0.693297,0.0571327,0.784723,0.893774,0.826454
468,1,1,0.669348,0.87993,0.831574,0.999741,0.150311,0.244064,0.0385916,0.763308,0.878881,0.58646,0.314933,0.261245,0.128979,0.981905,0.468461,0.897898,0.598306,0.128516,0.0309706,0.0261583,0.274896,0.688331,0.0327999,0.604131,0.420335,0.935816,0.8951,0.234005,0.982652,0.084388,0.637048,0.259215
469,5,1,0.905849,0.0358928,0.516248,0.914858,0.153749,0.352017,0.921727,0.410809,0.757469,0.0183717,0.731705,0.270522,0.709181,0.804726,0.20034,0.615491,0.211007,0.753781,0.688293,0.447214,0.219723,0.309729,0.438672,0.48281,0.782002,0.323071,0.783953,0.838971,0.453262,0.297674,0.79219,0.659764
470,4,5,0.654776,0.686867,0.228426,0.9133,0.274012,0.608583,0.314841,0.559855,0.116804,0.961118,0.27316,0.627397,0.209519,0.25955,0.455329,0.292391,0.908438,0.705307,0.10448,0.735437,0.720268,0.303496,0.687283,0.345344,0.0957542,0.991057,0.922572,0.101953,0.568472,0.404645,0.363726,0.0624475
471,3,3,0.257365,0.0923458,0.69351,0.674007,0.0397112,0.0564834,0.839408,0.672855,0.448171,0.843037,0.636693,0.398822,0.221238,0.522126,0.677074,0.401542,0.77224,0.300489,0.473213,0.803263,0.617727,0.272003,0.456326,0.722943,0.894091,0.206197,0.497869,0.249854,0.841809,0.336461,0.801352,0.589156
472,5,3,0.230084,0.745145,0.406082,0.213567,0.826217,0.0106723,0.227633,0.776557,0.524436,0.821649,0.806097,0.0594802,0.353477,0.610907,0.64221,0.378207,0.245632,0.793896,0.109279,0.874415,0.794384,0.851004,0.0989686,0.777204,0.271381,0.269052,0.855109,0.81189,0.346469,0.533478,0.973045,0.0527566
473,2,4,0.268276,0.942158,0.0409782,0.887859,0.705063,0.102264,0.450987,0.744127,0.100753,0.805793,0.707523,0.271388,0.0311749,0.471609,0.870197,0.710988,0.138653,0.439041,0.127312,0.112797,0.175672,0.705882,0.960266,0.911639,0.693169,0.652485,0.801372,0.773801,0.397635,0.358363,0.336313,0.183198
474,5,2,0.480648,0.327771,0.551829,0.860074,0.631775,0.122628,0.257118,0.433464,0.948654,0.396728,0.169758,0.938054,0.965653,0.153135,0.0148561,0.00984682,0.481126,0.238085,0.333368,0.820277,0.449123,0.209322,0.570665,0.240878,0.435589,0.129899,0.414847,0.715436,0.732723,0.0691742,0.685876,0.331208
475,3,2,0.249959,0.55516,0.609528,0.730416,0.585195,0.532876,0.369738,0.931026,0.486058,0.951443,0.313782,0.361465,0.141844,0.77768,0.213801,0.738801,0.105514,0.892965,0.68307,0.447944,0.660727,0.530473,0.950606,0.415774,0.729678,0.850377,0.0520458,0.229702,0.884245,0.239709,0.862675,0.372605
476,4,4,0.585863,0.561007,0.976078,0.13449,0.532304,0.320186,0.905322,0.913445,0.0830388,0.409225,0.191052,0.748234,0.440755,0.113462,0.584757,0.247565,0.816228,0.807346,0.988262,0.762993,0.388851,0.386156,0.0474156,0.954397,0.801171,0.910643,0.604381,0.962301,0.198543,0.427915,0.494828,0.197474
477,1,1,0.770412,0.684773,0.499618,0.125442,0.305215,0.786483,0.973743,0.0180602,0.663363,0.482728,0.408238,0.331016,0.280463,0.740303,0.731103,0.312761,0.242183,0.826807,0.17171,0.594953,0.529834,0.793893,0.289987,0.989341,0.628905,0.679158,0.117939,0.98495,0.654941,0.0288363,0.283297,0.33814
478,4,1,0.126936,0.262305,0.933615,0.838888,0.867355,0.0323233,0.233609,0.520183,0.778372,0.567129,0.608572,0.561151,0.970905,0.475297,0.373606,0.790603,0.681461,0.133543,0.0635357,0.310577,0.396247,0.615726,0.963818,0.690951,0.538981,0.404148,0.287879,0.875371,0.120271,0.415493,0.703528,0.402776
479,4,3,0.373939,0.551141,0.950941,0.708681,0.0222028,0.114438,0.303724,0.305433,0.92107,0.781257,0.320935,0.365919,0.252253,0.241602,0.53422,0.672201,0.823802,0.196759,0.103147,0.895653,0.943021,0.105598,0.795073,0.70655,0.18125,0.499549,0.712008,0.86993,0.384959,0.126195,0.402295,0.677895
480,2,1,0.962785,0.48009,0.126656,0.491407,0.42063,0.721977,0.480942,0.937742,0.376312,0.0912517,0.363189,0.0195027,0.0522687,0.805705,0.685539,0.108169,0.436214,0.986697,0.194794,0.619348,0.816033,0.650866,0.802561,0.198892,0.486392,0.240312,0.298451,0.65935,0.638093,0.909727,0.288152,0.982391
481,2,2,0.730515,0.13412,0.0403252,0.0564014,0.0947685,0.868297,0.00678818,0.294715,0.152943,0.00181204,0.06899,0.223818,0.995802,0.340441,0.28881,0.990986,0.149268,0.523542,0.240996,0.204714,0.936126,0.334818,0.52016,0.330308,0.364818,0.0197257,0.873391,0.135183,0.39499,0.695196,0.335009,0.120251
482,1,5,0.377797,0.350737,0.316684,0.757735,0.677304,0.582401,0.289583,0.689,0.5772,0.567012,0.0658922,0.683592,0.191289,0.00284216,0.407405,0.930898,0.936949,0.11092,0.377252,0.406249,0.664074,0.771038,0.255087,0.435231,0.127034,0.946843,0.0585366,0.467589,0.305413,0.874939,0.157661,0.810828
483,1,4,0.760759,0.926548,0.0158381,0.898124,0.55781,0.731604,0.379461,0.366998,0.50655,0.106125,0.56283,0.688645,0.313368,0.978654,0.295109,0.726604,0.733402,0.928729,0.871277,0.804305,0.192582,0.163115,0.0976188,0.249204,0.897796,0.341866,0.349895,0.16826,0.551317,0.581651,0.359543,0.975451
484,2,4,0.589332,0.423387,0.525141,0.00450448,0.202994,0.313276,0.451869,0.526759,0.796947,0.324251,0.590426,0.111035,0.0969173,0.442765,0.548021,0.253253,0.702738,0.909232,0.792703,0.101755,0.629118,0.0491526,0.152658,0.00531416,0.710173,0.32807,0.677342,0.660387,0.0244269,0.730414,0.411748,0.453262
485,1,3,0.669412,0.359914,0.216136,0.667806,0.590872,0.040596,0.913206,0.390753,0.797802,0.79085,0.921458,0.803006,0.978506,0.716149,0.0106701,0.204239,0.622741,0.247205,0.412839,0.996089,0.859855,0.103378,0.251815,0.180663,0.98103,0.130026,0.613708,0.327655,0.793537,0.210176,0.0855996,0.497688
486,2,4,0.758404,0.901506,0.0219865,0.0347399,0.816878,0.31988,0.013949,0.596658,0.657119,0.604802,0.365094,0.480126,0.611495,0.815666,0.696031,0.0627222,0.342475,0.815488,0.107962,0.494754,0.0696459,0.133761,0.588936,0.885702,0.520655,0.649229,0.742201,0.163546,0.509736,0.0336497,0.422446,0.14111
487,5,5,0.0264469,0.179296,0.335557,0.225763,0.97602,0.0251397,0.873556,0.722931,0.329378,0.810364,0.587795,0.796848,0.847297,0.127568,0.441274,0.903301,0.0179579,0.672279,0.0745105,0.897529,0.510393,0.447161,0.969439,0.436955,0.69321,0.784537,0.0709162,0.0932979,0.189361,0.520874,0.771323,0.836384
488,1,5,0.617695,0.956133,0.644423,0.698273,0.0283374,0.207771,0.82853,0.0202803,0.788275,0.479416,0.259035,0.513704,0.708677,0.240263,0.214855,0.124697,0.0403302,0.586208,0.201137,0.764256,0.178629,0.993154,0.337748,0.758303,0.418449,0.793632,0.508539,0.616461,0.476754,0.985923,0.270675,0.639956
489,3,1,0.605102,0.945785,0.395745,0.929859,0.298672,0.381415,0.866941,0.0786621,0.746743,0.171874,0.857766,0.0592233,0.494983,0.105397,0.130931,0.184651,0.696221,0.341094,0.206074,0.54354,0.44123,0.711682,0.0650008,0.210927,0.825308,0.672522,0.125941,0.704259,0.903098,0.558622,0.864231,0.903618
490,5,4,0.744368,0.177121,0.619445,0.428665,0.803076,0.126713,0.431805,0.566296,0.785809,0.3984,0.462457,0.284596,0.940966,0.16999,0.486372,0.335338,0.462619,0.607959,0.785072,0.575785,0.821578,0.163624,0.554489,0.12492,0.179798,0.0266768,0.467758,0.0124256,0.968072,0.87981,0.752986,0.0450889
491,3,4,0.0328255,0.871985,0.467859,0.0980578,0.646621,0.436301,0.830033,0.962303,0.0492737,0.834139,0.852439,0.489704,0.548401,0.762571,0.197314,0.833378,0.317255,0.348027,0.28193,0.892153,0.530859,0.470473,0.0516857,0.527807,0.158536,0.999708,0.812693,0.843303,0.132604,0.36177,0.233396,0.0103456
492,3,2,0.517121,0.703913,0.76361,0.650803,0.447332,0.967862,0.789865,0.862971,0.618346,0.448832,0.1131,0.0628575,0.156331,0.476059,0.437034,0.689244,0.396889,0.60771,0.743544,0.538137,0.580737,0.468819,0.388133,0.293762,0.17076,0.277347,0.226837,0.500232,0.575501,0.160603,0.423439,0.340685
493,3,2,0.170677,0.587133,0.662906,0.0666823,0.852539,0.829669,0.25794,0.562378,0.491514,0.670827,0.975527,0.703094,0.333242,0.291484,0.595046,0.470372,0.0901957,0.956246,0.606015,0.766705,0.0896318,0.969557,0.959235,0.746254,0.715663,0.1756,0.78816,0.0645359,0.704104,0.577661,0.589729,0.357813
494,1,5,0.858373,0.807211,0.956836,0.366993,0.499036,0.317001,0.931535,0.849988,0.583333,0.846287,0.538384,0.356367,0.454483,0.832499,0.209288,0.850779,0.00371966,0.423931,0.241506,0.0664731,0.509723,0.00158464,0.37996,0.523292,0.448485,0.344076,0.980648,0.997132,0.350272,0.772411,0.452183,0.761275
495,3,1,0.0479577,0.887724,0.77541,0.318187,0.570683,0.165987,0.760705,0.745892,0.149863,0.378274,0.571829,0.473173,0.253642,0.630398,0.228062,0.907873,0.011526,0.419088,0.130341,0.783317,0.309268,0.26834,0.116879,0.697972,0.985858,0.00157942,0.308633,0.871507,0.130324,0.0303796,0.199082,0.712754
496,1,2,0.0640435,0.266246,0.862434,0.497202,0.9615,0.419939,0.246747,0.191836,0.450095,0.333815,0.0221345,0.727706,0.64071,0.669257,0.413926,0.0718146,0.270058,0.747316,0.206837,0.0530459,0.654023,0.542926,0.416217,0.260063,0.179659,0.58769,0.689109,0.261328,0.565072,0.984958,0.858672,0.309728
497,2,1,0.785667,0.278465,0.673517,0.896473,0.115011,0.636219,0.694821,0.730684,0.441547,0.918011,0.944985,0.911873,0.141611,0.738946,0.642833,0.197824,0.38198,0.843373,0.956815,0.203776,0.329975,0.742899,0.962186,0.685603,0.901486,0.758889,0.270383,0.532686,0.803542,0.638726,0.995604,0.95332
498,5,3,0.436777,0.308847,0.520181,0.611357,0.294931,0.964054,0.0152648,0.0955745,0.220129,0.0225492,0.281937,0.0557496,0.4436,0.0524057,0.171102,0.907816,0.873254,0.721258,0.704911,0.677106,0.0852005,0.522573,0.650092,0.781953,0.653656,0.155648,0.956221,0.391941,0.00302087,0.490004,0.247932,0.110409
499,2,5,0.932134,0.316502,0.720586,0.0355821,0.765763,0.136735,0.091483,0.764037,0.513876,0.0180379,0.231583,0.934253,0.181218,0.0864246,0.810303,0.799238,0.135038,0.898617,0.468652,0.941136,0.938578,0.867477,0.185832,0.28755,0.977993,0.333087,0.994288,0.426546,0.555617,0.139297,0.170143,0.0222725
500,5,3,0.424493,0.554129,0.309324,0.608723,0.280636,0.926988,0.97223,0.66512,0.153365,0.690853,0.733328,0.786969,0.000410295,0.116348,0.596183,0.360162,0.915943,0.968208,0.287934,0.92293,0.185526,0.884075,0.65168,0.452089,0.712601,0.857193,0.688031,0.0483959,0.319317,0.148517,0.252202,0.413968
501,4,3,0.923299,0.263507,0.457317,0.356477,0.846194,0.162776,0.452323,0.489134,0.424389,0.793843,0.156763,0.66136,0.426406,0.107792,0.537417,0.487582,0.0225043,0.697646,0.444113,0.529895,0.781356,0.391676,0.680046,0.621914,0.635157,0.968639,0.909555,0.0949079,0.018032,0.390016,0.557048,0.406606
502,5,5,0.541335,0.152175,0.323896,0.176643,0.136251,0.285361,0.887563,0.95587,0.470762,0.734109,0.878115,0.661693,0.585852,0.816958,0.674192,0.127576,0.804261,0.859333,0.659156,0.594833,0.398055,0.335329,0.513633,0.815855,0.803046,0.802565,0.37365,0.845709,0.388121,0.115518,0.0956901,0.969361
503,5,2,0.0910363,0.35747,0.648209,0.065894,0.413194,0.167056,0.405619,0.992831,0.679552,0.563013,0.0670937,0.356622,0.593706,0.288203,0.772032,0.256992,0.828213,0.664153,0.17053,0.419388,0.897419,0.965411,0.656146,0.683843,0.881855,0.792045,0.485281,0.292742,0.542033,0.0791864,0.919038,0.487823
504,3,5,0.448161,0.202083,0.274413,0.952642,0.39317,0.443988,0.387764,0.174709,0.286867,0.198651,0.26858,0.28071,0.861063,0.999316,0.0698619,0.268012,0.677611,0.328802,0.17282,0.659328,0.344506,0.293961,0.061543,0.215804,0.269974,0.158637,0.768421,0.312683,0.885015,0.105916,0.221527,0.0186466
505,4,4,0.470324,0.137895,0.873575,0.775977,0.762799,0.797542,0.513077,0.53792,0.670747,0.309682,0.847355,0.145033,0.00953895,0.736805,0.40289,0.601387,0.907243,0.655453,0.740313,0.00866909,0.542841,0.927517,0.529645,0.0662902,0.34777,0.366806,0.520521,0.402712,0.655383,0.00135552,0.418363,0.497089
506,1,4,0.861232,0.823269,0.154685,0.879397,0.451547,0.487719,0.40802,0.630636,0.687465,0.0795197,0.249867,0.488038,0.640251,0.154816,0.877489,0.369643,0.418132,0.329305,0.911016,0.423541,0.993164,0.571637,0.106092,0.902877,0.233053,0.394485,0.95038,0.981131,0.958328,0.759028,0.0977073,0.511481
507,5,3,0.1611,0.102224,0.996013,0.844522,0.18,0.582357,0.502548,0.986067,0.848418,0.636429,0.0204016,0.834112,0.604489,0.799763,0.277025,0.345461,0.862335,0.259611,0.283461,0.430494,0.686756,0.467241,0.67422,0.240085,0.221494,0.894598,0.0347992,0.542548,0.40925,0.978444,0.289193,0.810018
508,2,3,0.800364,0.94704,0.457024,0.504875,0.606512,0.887107,0.604259,0.358145,0.827158,0.378642,0.425002,0.418131,0.275447,0.546626,0.265035,0.55349,0.536192,0.496399,0.449148,0.306001,0.440121,0.927206,0.0911373,0.588586,0.718604,0.407739,0.213737,0.651177,0.196954,0.767967,0.412758,0.960728
509,5,1,0.583858,0.112099,0.371463,0.440766,0.448912,0.478971,0.537169,0.896994,0.203536,0.394801,0.155752,0.953324,0.880422,0.485132,0.433724,0.973781,0.412094,0.00819832,0.0356122,0.898815,0.497976,0.93112,0.55417,0.961021,0.558841,0.0130765,0.707031,0.171701,0.177482,0.653764,0.252223,0.0254727
510,2,4,0.947171,0.221079,0.135933,0.51244,0.49765,0.545903,0.214176,0.0342611,0.0600732,0.170367,0.325503,0.499706,0.143688,0.593941,0.709933,0.148402,0.533725,0.398841,0.143834,0.904401,0.00924159,0.998899,0.808157,0.987214,0.176194,0.881675,0.606217,0.39466,0.336922,0.686574,0.585486,0.416592
511,2,4,0.0869396,0.309432,0.22295,0.606202,0.188059,0.523758,0.428019,0.0244803,0.658284,0.790703,0.263806,0.0118978,0.0120699,0.293156,0.518937,0.00592407,0.60576,0.376201,0.96287,0.0631605,0.589471,0.913511,0.471173,0.415679,0.573402,0.459496,0.927901,0.34985,0.828378,0.627506,0.322979,0.784408
512,2,4,0.262634,0.748207,0.504421,0.905974,0.744049,0.863547,0.503219,0.674058,0.0677964,0.214638,0.723581,0.637703,0.80597,0.506083,0.289498,0.717219,0.664126,0.832932,0.426592,0.742721,0.889119,0.846561,0.845226,0.0638664,0.525432,0.03162,0.691506,0.258501,0.88335,0.900666,0.495717,0.823659
513,1,1,0.753666,0.700759,0.220066,0.72667,0.388531,0.942603,0.865727,0.832191,0.724422,0.62339,0.403811,0.665715,0.214745,0.21374,0.355968,0.657319,0.284104,0.424679,0.176089,0.152962,0.743333,0.806403,0.25207,0.510247,0.454167,0.977425,0.385859,0.281679,0.982077,0.48067,0.391092,0.447995
514,5,2,0.0898257,0.426115,0.590754,0.287553,0.599364,0.16032,0.418759,0.282156,0.431844,0.233252,0.0539326,0.734074,0.516546,0.0307752,0.504739,0.617463,0.149549,0.760661,0.103839,0.480723,0.123572,0.931565,0.101028,0.707881,0.609708,0.747924,0.196483,0.196933,0.25143,0.777296,0.173572,0.832095
515,2,3,0.854617,0.213363,0.230495,0.385051,0.327566,0.739608,0.209893,0.417639,0.491876,0.736652,0.0196105,0.113565,0.671368,0.806012,0.523158,0.253207,0.898639,0.248929,0.164393,0.590381,0.804109,0.070118,0.791961,0.0262977,0.127181,0.261029,0.398559,0.538068,0.170153,0.907616,0.254721,0.846435
516,1,1,0.556236,0.037052,0.411411,0.535253,0.947733,0.704796,0.12637,0.339165,0.973692,0.111063,0.230639,0.278568,0.772874,0.771589,0.33897,0.351244,0.143081,0.811981,0.857889,0.319521,0.308861,0.163555,0.658855,0.435848,0.566444,0.452275,0.471756,0.0161082,0.495819,0.117045,0.732238,0.184926
517,5,2,0.668181,0.341526,0.895812,0.964623,0.0577882,0.509223,0.140653,0.627556,0.716632,0.356386,0.437282,0.323488,0.403549,0.0231468,0.136967,0.500334,0.50677,0.483609,0.126545,0.157831,0.47662,0.764324,0.763615,0.492674,0.258264,0.338994,0.480786,0.146909,0.992016,0.552161,0.68665,0.752817
518,1,5,0.414848,0.218794,0.767861,0.521935,0.0405092,0.155343,0.122911,0.666613,0.203071,0.605344,0.401952,0.087082,0.845745,0.0365204,0.346266,0.620289,0.654621,0.294294,0.709314,0.0864458,0.586182,0.759429,0.357242,0.314044,0.577053,0.4596,0.342266,0.236813,0.0838737,0.627317,0.992804,0.301488
519,1,2,0.0723484,0.702948,0.878531,0.136722,0.301835,0.416695,0.650297,0.385421,0.329006,0.534247,0.391454,0.841931,0.262113,0.583422,0.343044,0.0615567,0.4107,0.655416,0.720416,0.0082653,0.511536,0.77996,0.943565,0.666636,0.0418804,0.308786,0.503068,0.292442,0.584225,0.798273,0.920197,0.783337
520,2,3,0.5735,0.298948,0.85363,0.559825,0.241928,0.00836566,0.876292,0.082667,0.0190434,0.12617,0.732455,0.185412,0.933113,0.512018,0.657198,0.992242,0.439029,0.652613,0.044881,0.0612988,0.920114,0.525579,0.470296,0.496645,0.0289967,0.144168,0.689821,0.920272,0.481837,0.440765,0.124345,0.994559
521,1,5,0.0644907,0.607958,0.574294,0.104763,0.622029,0.454228,0.505742,0.238766,0.817102,0.835565,0.861009,0.78392,0.615624,0.82418,0.0127565,0.723609,0.69523,0.832683,0.417999,0.200829,0.565557,0.452044,0.649081,0.691847,0.350237,0.637393,0.917099,0.716354,0.133975,0.224258,0.671512,0.0984347
522,2,2,0.924651,0.560172,0.112504,0.153826,0.0948842,0.793437,0.333008,0.91493,0.373566,0.169564,0.2143,0.817412,0.585122,0.933225,0.442914,0.938362,0.0341756,0.914156,0.319652,0.546421,0.810433,0.356211,0.689702,0.00727281,0.724871,0.0609122,0.698117,0.428839,0.310973,0.399326,0.0996639,0.184714
523,4,1,0.831785,0.17465,0.980471,0.848791,0.493847,0.298195,0.00970035,0.598564,0.140045,0.502843,0.322081,0.0518821,0.578585,0.942234,0.0750936,0.527226,0.943357,0.325058,0.365084,0.158127,0.912584,0.338527,0.780522,0.0205116,0.755437,0.363558,0.60672,0.531486,0.626784,0.871866,0.638003,0.687374
524,1,4,0.553728,0.147746,0.986414,0.428123,0.732291,0.195708,0.776946,0.0278498,0.872463,0.805015,0.21564,0.0195226,0.0838042,0.83069,0.482894,0.144104,0.514081,0.974678,0.829182,0.603874,0.443784,0.734983,0.570853,0.110484,0.527071,0.862104,0.0382028,0.839192,0.615215,0.652993,0.828043,0.502275
525,2,1,0.594332,0.00592822,0.593611,0.592441,0.164185,0.847406,0.123464,0.3569,0.980052,0.108289,0.393719,0.420877,0.227422,0.727104,0.171325,0.107301,0.667602,0.206049,0.609445,0.147552,0.643552,0.796948,0.088006,0.0628926,0.893535,0.686586,0.389266,0.366457,0.313369,0.755791,0.462361,0.964383
526,4,2,0.863577,0.314385,0.929261,0.810125,0.303453,0.266158,0.863936,0.215121,0.781523,0.825378,0.930808,0.987082,0.24575,0.556881,0.576959,0.278049,0.274545,0.398566,0.824094,0.17013,0.00532419,0.761887,0.564819,0.773474,0.339203,0.875121,0.322684,0.0266026,0.644906,0.561981,0.851484,0.214255
527,3,4,0.853173,0.784956,0.264597,0.192034,0.519502,0.638342,0.450537,0.654566,0.0116449,0.954094,0.556812,0.775161,0.661524,0.803635,0.591914,0.531601,0.73628,0.186781,0.57134,0.425563,0.0667503,0.54949,0.116446,0.678419,0.596475,0.607709,0.274979,0.393978,0.0796451,0.265313,0.429603,0.168231
528,2,3,0.328746,0.645399,0.720434,0.687372,0.643771,0.372527,0.332818,0.262408,0.754873,0.759721,0.648695,0.773647,0.637445,0.455616,0.553428,0.611904,0.0113897,0.37352,0.696507,0.701947,0.376042,0.835722,0.94261,0.688233,0.817985,0.512583,0.587694,0.458658,0.252182,0.64232,0.203717,0.679811
529,3,4,0.476568,0.624942,0.296066,0.0965887,0.514929,0.951766,0.16537,0.790773,0.977713,0.373928,0.107925,0.562813,0.931944,0.0473245,0.913578,0.0412278,0.52536,0.250798,0.72491,0.689702,0.436048,0.852148,0.630035,0.559186,0.340576,0.532133,0.301159,0.40231,0.57823,0.161598,0.49813,0.118354
530,3,5,0.286661,0.927504,0.366958,0.458283,0.083898,0.659446,0.0522764,0.914458,0.253457,0.0901136,0.0742469,0.770481,0.103775,0.616817,0.812928,0.598637,0.0388737,0.29254,0.658943,0.683893,0.272558,0.794798,0.871546,0.112858,0.484992,0.533521,0.305576,0.101265,0.517639,0.872574,0.381958,0.507637
531,2,3,0.114533,0.368086,0.996991,0.125078,0.425556,0.0414993,0.348231,0.28151,0.71021,0.244234,0.363899,0.560352,0.833274,0.0217388,0.454271,0.520571,0.719558,0.391772,0.107453,0.577122,0.846119,0.702418,0.735718,0.634092,0.211717,0.984644,0.145286,0.138265,0.316292,0.429737,0.976071,0.424831
532,5,5,0.456127,0.663798,0.0300202,0.489828,0.397228,0.517433,0.57132,0.432356,0.953125,0.991699,0.516736,0.927561,0.819107,0.307724,0.547128,0.111594,0.040785,0.839765,0.315008,0.99717,0.575549,0.292609,0.950594,0.357785,0.85913,0.941633,0.228356,0.71113,0.22011,0.295638,0.201173,0.581046
533,4,1,0.852666,0.811813,0.774883,0.741833,0.392735,0.736996,0.504381,0.17802,0.464332,0.824681,0.253398,0.276119,0.505028,0.930367,0.0304965,0.36464,0.13181,0.85766,0.88659,0.266234,0.75168,0.514527,0.422868,0.106885,0.51715,0.660119,0.369999,0.836079,0.74078,0.718447,0.784187,0.523259
534,3,1,0.722612,0.933441,0.204504,0.70549,0.33797,0.745864,0.469845,0.794681,0.330793,0.747743,0.75494,0.441116,0.329354,0.733622,0.138232,0.625027,0.39904,0.854016,0.979914,0.80246,0.225881,0.0413744,0.612159,0.378887,0.432973,0.0347162,0.0710246,0.102075,0.487877,0.601411,0.702164,0.873822
535,3,5,0.872106,0.451089,0.288937,0.910879,0.0862492,0.814301,0.936566,0.519668,0.378196,0.771571,0.576406,0.522694,0.792003,0.158092,0.324314,0.124736,0.716165,0.188368,0.135419,0.350922,0.291294,0.930529,0.144711,0.799678,0.811231,0.432802,0.222649,0.493077,0.717404,0.265609,0.943298,0.704353
536,4,5,0.540029,0.238905,0.461034,0.0418216,0.32589,0.623889,0.475655,0.562512,0.602808,0.402131,0.985992,0.643894,0.937765,0.550613,0.862153,0.250582,0.889131,0.397729,0.467849,0.428114,0.657444,0.880248,0.895067,0.960904,0.392951,0.893001,0.961762,0.719178,0.415786,0.584993,0.601083,0.689262
537,3,3,0.950592,0.249999,0.244616,0.53512,0.746131,0.689608,0.520816,0.679247,0.268557,0.252279,0.776607,0.586732,0.552222,0.795913,0.660974,0.475079,0.322901,0.793298,0.481274,0.359883,0.617354,0.93876,0.404911,0.533928,0.198373,0.595948,0.96164,0.0313616,0.511468,0.170269,0.73392,0.632934
538,4,2,0.355132,0.508164,0.407164,0.0629714,0.409197,0.834135,0.54418,0.784506,0.54347,0.185354,0.497154,0.634329,0.134786,0.818315,0.496075,0.640854,0.169104,0.310398,0.126136,0.656111,0.932646,0.210462,0.60495,0.318255,0.65949,0.24007,0.401794,0.556925,0.908981,0.108227,0.637931,0.93331
539,1,1,0.368562,0.21897,0.960012,0.49655,0.820461,0.276998,0.853948,0.534904,0.172194,0.348509,0.270963,0.132067,0.285627,0.265895,0.270909,0.43844,0.855408,0.0302932,0.0318848,0.770643,0.0761,0.621825,0.273915,0.60136,0.199873,0.54605,0.23186,0.590313,0.797943,0.934652,0.563127,0.00856921
540,4,3,0.429323,0.191493,0.407885,0.167301,0.113945,0.181194,0.676142,0.671944,0.702097,0.459483,0.720893,0.991779,0.728471,0.226886,5.28255e-05,0.31083,0.953921,0.984241,0.814209,0.831758,0.903982,0.469799,0.0156433,0.554597,0.933859,0.843178,0.809789,0.48098,0.837219,0.206024,0.0932874,0.828445
541,3,4,0.959917,0.153043,0.678547,0.505586,0.570561,0.413203,0.94563,0.876843,0.442937,0.126055,0.599294,0.87521,0.476338,0.512211,0.932846,0.404364,0.0760847,0.161967,0.50112,0.700818,0.686952,0.926807,0.791907,0.375377,0.583019,0.241585,0.908918,0.554867,0.941991,0.796186,0.0643192,0.0037677
542,3,1,0.023459,0.596516,0.329417,0.318152,0.536868,0.451423,0.910795,0.246963,0.846554,0.789886,0.1275,0.634535,0.0930304,0.532712,0.589267,0.392526,0.532118,0.291384,0.266378,0.822737,0.899453,0.451408,0.927366,0.501447,0.402611,0.520829,0.890303,0.448367,0.383949,0.256088,0.736817,0.12034
543,3,2,0.122583,0.757463,0.927934,0.223528,0.454097,0.0556728,0.734487,0.797517,0.367174,0.154062,0.0188809,0.625146,0.10053,0.338643,0.496219,0.12648,0.689964,0.414481,0.334735,0.0148089,0.695488,0.841045,0.698636,0.513498,0.703936,0.13916,0.492522,0.23698,0.914886,0.447975,0.489197,0.188869
544,5,4,0.199381,0.534386,0.307655,0.832609,0.0423345,0.40184,0.633535,0.716975,0.248536,0.876684,0.304155,0.216301,0.770815,0.807192,0.327221,0.757402,0.242196,0.356937,0.169058,0.98952,0.774858,0.262572,0.129706,0.254803,0.453754,0.772259,0.50693,0.434657,0.68739,0.330795,0.633283,0.178663
545,5,5,0.0447514,0.786322,0.296441,0.566564,0.280134,0.957314,0.146017,0.318163,0.289178,0.219619,0.309765,0.677467,0.521884,0.758409,0.663704,0.224906,0.381101,0.0766108,0.71947,0.810516,0.336165,0.976502,0.290284,0.644672,0.541188,0.277867,0.0237164,0.996673,0.0797891,0.893267,0.41797,0.513381
546,5,1,0.721512,0.815821,0.0881266,0.934799,0.846318,0.840924,0.732301,0.643679,0.610947,0.609304,0.820293,0.467357,0.40411,0.626486,0.221501,0.795217,0.512023,0.969038,0.548842,0.467287,0.538326,0.573653,0.565074,0.444806,0.948705,0.668489,0.902246,0.62992,0.875717,0.0178338,0.801417,0.541162
547,1,3,0.0984946,0.0263836,0.265123,0.791197,0.495056,0.25865,0.846534,0.340655,0.505166,0.0640846,0.748035,0.1795,0.13896,0.765605,0.252414,0.493531,0.731776,0.880668,0.164734,0.397242,0.351356,0.268701,0.264866,0.3476,0.349862,0.712772,0.708324,0.555006,0.367847,0.904191,0.555263,0.602169
548,3,3,0.805018,0.785753,0.369889,0.947534,0.648534,0.355846,0.72539,0.249876,0.209661,0.616217,0.884675,0.498873,0.616224,0.989186,0.428725,0.462362,0.182335,0.0743316,0.942301,0.977369,0.755068,0.843587,0.208025,0.17825,0.337711,0.904605,0.809674,0.340667,0.695678,0.377112,0.765784,0.906392
549,5,3,0.716476,0.137763,0.386494,0.369056,0.211263,0.722097,0.632677,0.174184,0.976014,0.590231,0.310601,0.695274,0.46097,0.343854,0.674001,0.693881,0.541506,0.884207,0.843428,0.472117,0.761743,0.382909,0.0582972,0.251158,0.998421,0.604205,0.752402,0.879852,0.863903,0.324661,0.651198,0.396236
550,3,5,0.112383,0.560812,0.347738,0.228409,0.876421,0.822211,0.201655,0.295602,0.0782421,0.705363,0.788119,0.513216,0.835486,0.585898,0.162652,0.179609,0.854346,0.735023,0.686768,0.188621,0.520083,0.113474,0.83025,0.546679,0.419249,0.709297,0.193994,0.0500358,0.284853,0.0693953,0.505164,0.802679
551,2,4,0.805581,0.245305,0.791353,0.615228,0.581367,0.44318,0.780786,0.632696,0.191773,0.862879,0.0500645,0.0798564,0.873634,0.777984,0.0755545,0.493029,0.246688,0.564127,0.695319,0.653931,0.409448,0.922623,0.876314,0.05672,0.29798,0.0294764,0.0118713,0.178262,0.300656,0.986448,0.578075,0.715076
552,4,1,0.534873,0.047039,0.876598,0.87911,0.912485,0.812757,0.265974,0.6648,0.46214,0.339131,0.549144,0.070505,0.949112,0.580038,0.998617,0.719695,0.235407,0.0942404,0.72698,0.633768,0.378031,0.286366,0.0081082,0.764244,0.00925252,0.539616,0.460566,0.129037,0.488335,0.526519,0.0225697,0.395737
553,2,1,0.294003,0.841516,0.559893,0.0110285,0.300919,0.312128,0.167134,0.012595,0.407174,0.096007,0.232273,0.297096,0.534801,0.0542712,0.198829,0.596631,0.508406,0.0868629,0.157379,0.701714,0.670975,0.0526421,0.753938,0.0593089,0.110394,0.305326,0.467802,0.896572,0.0708717,0.641393,0.598182,0.770131
554,2,2,0.527624,0.834125,0.517461,0.00814624,0.924354,0.213057,0.549083,0.616092,0.582998,0.375246,0.401653,0.984193,0.94908,0.0303392,0.777186,0.998598,0.285405,0.623628,0.84421,0.558707,0.432396,0.0595124,0.828667,0.273329,0.822888,0.924663,0.18887,0.354246,0.701141,0.661653,0.290643,0.999496
555,4,2,0.296348,0.576081,0.725568,0.696438,0.229826,0.164627,0.000905839,0.148673,0.715237,0.456308,0.171185,0.385813,0.104482,0.714215,0.237516,0.0695088,0.379901,0.972167,0.475906,0.014277,0.04457,0.601317,0.970573,0.562633,0.716063,0.134716,0.323194,0.150916,0.318697,0.792677,0.448543,0.887562
556,3,5,0.146373,0.437964,0.18893,0.354995,0.859435,0.072547,0.256255,0.673204,0.380195,0.825193,0.871272,0.304879,0.663148,0.990176,0.341712,0.0758516,0.6837,0.661791,0.0196832,0.448228,0.735643,0.446602,0.487016,0.457646,0.813182,0.258682,0.954638,0.715563,0.925789,0.721577,0.909265,0.282397
557,4,1,0.360142,0.316845,0.465035,0.725093,0.689896,0.121,0.883998,0.168702,0.206986,0.315796,0.918193,0.593874,0.81518,0.645512,0.978856,0.396356,0.880252,0.0778392,0.279937,0.373635,0.105956,0.688767,0.112241,0.670995,0.291223,0.160196,0.614184,0.00778397,0.80432,0.752982,0.89925,0.106368
558,3,5,0.00563132,0.00270122,0.186317,0.432601,0.0997262,0.503264,0.363324,0.637664,0.501351,0.296064,0.0433972,0.710425,0.348478,0.169332,0.17918,0.83199,0.64707,0.571848,0.464272,0.58389,0.495318,0.209775,0.427692,0.0741087,0.95602,0.464725,0.214735,0.615612,0.516664,0.0950465,0.736017,0.950534
559,2,2,0.929021,0.545457,0.377968,0.950069,0.463676,0.179445,0.0885223,0.0254207,0.608999,0.0394095,0.288212,0.587512,0.160309,0.0616419,0.544531,0.958546,0.53231,0.141933,0.0758716,0.304723,0.698215,0.822518,0.623772,0.21874,0.189017,0.242968,0.469435,0.642309,0.720323,0.276086,0.529436,0.217448
560,4,4,0.322338,0.490647,0.610394,0.9661,0.939109,0.832238,0.671745,0.28461,0.0747459,0.363373,0.460685,0.464512,0.890824,0.97893,0.0944624,0.17239,0.988876,0.357483,0.949069,0.729426,0.0782745,0.963944,0.933413,0.155675,0.363133,0.22738,0.844709,0.225695,0.418383,0.020932,0.440855,0.604116
561,4,5,0.774477,0.602526,0.0337892,0.071323,0.593156,0.0692301,0.186733,0.210387,0.34595,0.290295,0.347969,0.786544,0.46906,0.15939,0.334136,0.0440922,0.107361,0.393988,0.145629,0.416392,0.033438,0.450907,0.470249,0.826904,0.954448,0.0980054,0.115675,0.703942,0.946265,0.337946,0.733362,0.30998
562,3,5,0.645278,0.248469,0.826728,0.642532,0.10692,0.275128,0.504754,0.507144,0.697091,0.786293,0.58682,0.881723,0.832779,0.838697,0.0722717,0.582181,0.690701,0.248816,0.534028,0.661233,0.379161,0.709905,0.340275,0.010692,0.620833,0.439211,0.890995,0.843262,0.496176,0.489588,0.824723,0.311375
563,3,3,0.102394,0.155881,0.0615057,0.206445,0.0513344,0.687372,0.38015,0.352436,0.337238,0.713017,0.717937,0.157704,0.742822,0.252269,0.050854,0.156647,0.221123,0.95291,0.274262,0.405404,0.547612,0.33722,0.144515,0.0142022,0.133941,0.153418,0.943789,0.421136,0.804203,0.0685028,0.180655,0.510739
564,4,2,0.355622,0.767168,0.791004,0.659803,0.510213,0.445947,0.12785,0.224661,0.738992,0.726864,0.396888,0.707862,0.262924,0.153296,0.375499,0.914752,0.497757,0.0644051,0.343116,0.0550377,0.241906,0.18735,0.398502,0.909461,0.0191729,0.519998,0.772498,0.787941,0.170945,0.227843,0.0439046,0.490222
565,1,3,0.773936,0.827829,0.813829,0.0226044,0.493509,0.243843,0.205368,0.152574,0.737228,0.859189,0.699713,0.467544,0.246271,0.40422,0.903408,0.449483,0.104371,0.971925,0.982688,0.850267,0.860248,0.706369,0.687899,0.290479,0.93875,0.165173,0.722311,0.921434,0.190457,0.423076,0.442156,0.278756
566,3,5,0.389657,0.917847,0.741603,0.387067,0.386443,0.562641,0.330294,0.802966,0.595356,0.427133,0.872205,0.233542,0.0475832,0.994526,0.38547,0.956571,0.158241,0.843479,0.695354,0.688374,0.105725,0.294866,0.664808,0.913413,0.286181,0.275557,0.198917,0.80081,0.936353,0.918258,0.0185246,0.603004
567,3,2,0.021627,0.791695,0.483593,0.193158,0.501047,0.667924,0.321662,0.0934679,0.132162,0.50785,0.376388,0.162236,0.672263,0.41635,0.782396,0.832982,0.530751,0.987168,0.589834,0.31796,0.200616,0.531956,0.28733,0.511298,0.161896,0.954401,0.249295,0.478584,0.224887,0.699106,0.519449,0.921789
568,2,4,0.944947,0.902122,0.195571,0.917456,0.641676,0.930663,0.817259,0.270446,0.560241,0.400356,0.255004,0.870396,0.26255,0.359162,0.039253,0.600253,0.305444,0.118055,0.744604,0.056275,0.0475178,0.411994,0.219295,0.578917,0.706232,0.392699,0.782652,0.577736,0.455318,0.515084,0.698074,0.685707
569,5,2,0.159913,0.424246,0.398149,0.424995,0.579968,0.140778,0.948053,0.513239,0.068751,0.587179,0.507394,0.476489,0.32892,0.325707,0.508312,0.721649,0.0239755,0.0746616,0.313025,0.91444,0.819868,0.0206434,0.553942,0.96235,0.450583,0.462356,0.285525,0.41267,0.298043,0.256444,0.383101,0.0100711
570,1,5,0.967213,0.1094,0.438655,0.659821,0.393353,0.319075,0.846551,0.767179,0.426905,0.206916,0.552018,0.900235,0.230942,0.522982,0.743503,0.114506,0.531988,0.400845,0.809035,0.206761,0.780733,0.199685,0.215005,0.50637,0.715636,0.671892,0.800054,0.911618,0.346107,0.502162,0.172609,0.965839
571,4,2,0.450904,0.865063,0.352433,0.499977,0.55491,0.140904,0.188041,0.217904,0.859666,0.64767,0.257755,0.421755,0.22643,0.146802,0.480714,0.478994,0.498851,0.0174305,0.215085,0.733895,0.271861,0.0735813,0.169705,0.629114,0.71846,0.79301,0.770089,0.132644,0.462328,0.518639,0.714087,0.779068
572,1,3,0.138276,0.162917,0.966178,0.336819,0.821032,0.554699,0.204483,0.57528,0.186165,0.130876,0.125661,0.457569,0.138379,0.268282,0.748162,0.842024,0.469654,0.313575,0.782934,0.838705,0.746255,0.428565,0.604613,0.726586,0.686367,0.51006,0.0183557,0.621963,0.311778,0.395357,0.637822,0.768207
573,5,1,0.0329769,0.457462,0.851888,0.517679,0.684025,0.831824,0.26537,0.659379,0.687963,0.34916,0.792457,0.67032,0.306794,0.642427,0.0360374,0.931019,0.932779,0.841416,0.34518,0.647447,0.106482,0.341507,0.491857,0.779576,0.768468,0.575208,0.221647,0.98527,0.26949,0.247506,0.242715,0.0796558
574,4,3,0.197404,0.64003,0.57552,0.93926,0.925265,0.00193192,0.146897,0.725771,0.970854,0.657065,0.947477,0.732304,0.884572,0.355405,0.214557,0.820496,0.634055,0.0447069,0.760891,0.755431,0.986028,0.267072,0.180424,0.476838,0.766026,0.822636,0.338801,0.271359,0.175626,0.185208,0.421377,0.681313
575,3,3,0.46485,0.514404,0.537523,0.25677,0.995159,0.0348803,0.399109,0.410269,0.615401,0.106559,0.365244,0.905989,0.392786,0.0412503,0.695641,0.431651,0.937887,0.0522456,0.542359,0.0955439,0.7684,0.658867,0.0892066,0.647111,0.211158,0.0330522,0.502132,0.00113147,0.0200117,0.0788181,0.252855,0.762999
576,5,1,0.0149612,0.0381183,0.264546,0.488097,0.514031,0.712029,0.573149,0.868951,0.925752,0.934036,0.645346,0.327441,0.414736,0.135832,0.930351,0.236926,0.784883,0.776172,0.200009,0.971484,0.130842,0.466394,0.675812,0.305353,0.559883,0.429191,0.789674,0.304813,0.738805,0.256488,0.625212,0.593751
577,4,5,0.53359,0.259552,0.113106,0.661382,0.828274,0.0320627,0.251853,0.0832018,0.777302,0.293396,0.957107,0.877805,0.696796,0.764886,0.59603,0.0221566,0.460386,0.501713,0.36441,0.274687,0.353005,0.648646,0.636373,0.721554,0.751273,0.862863,0.678517,0.475416,0.19841,0.99445,0.493987,0.979986
578,2,5,0.475704,0.57487,0.536623,0.398006,0.771136,0.364386,0.661265,0.0121247,0.409345,0.249174,0.895413,0.718808,0.162567,0.603632,0.995516,0.916422,0.118853,0.0500223,0.01495,0.155277,0.890019,0.789244,0.244954,0.358508,0.7297,0.118345,0.811015,0.99645,0.858986,0.78725,0.991594,0.408741
579,1,3,0.710243,0.680604,0.1154,0.789975,0.406809,0.815206,0.847972,0.0847287,0.367658,0.622973,0.591095,0.00678555,0.503773,0.0434562,0.645952,0.90398,0.972894,0.527564,0.0557355,0.735902,0.573961,0.838501,0.863029,0.949587,0.481383,0.869353,0.0785272,0.483311,0.560539,0.33597,0.332074,0.154493
580,1,3,0.849034,0.366494,0.5216,0.559575,0.933276,0.665509,0.806017,0.978325,0.692972,0.728386,0.0050255,0.643749,0.427823,0.335092,0.197486,0.0345039,0.910798,0.288125,0.174584,0.768448,0.28606,0.205272,0.516837,0.712188,0.263364,0.57978,0.209865,0.171857,0.599099,0.261625,0.0889295,0.496304
581,4,4,0.372245,0.778564,0.720664,0.734405,0.554807,0.574575,0.422876,0.822275,0.565752,0.56267,0.365451,0.964389,0.936146,0.217224,0.0549049,0.714132,0.673391,0.369944,0.891283,0.278966,0.803885,0.180387,0.184041,0.552503,0.295926,0.215469,0.717048,0.200351,0.0842706,0.990532,0.811862,0.801747
582,2,1,0.729607,0.794061,0.100241,0.968923,0.717761,0.573277,0.679818,0.220244,0.830922,0.86221,0.041596,0.742731,0.0231107,0.414308,0.373007,0.47357,0.148788,0.411252,0.558384,0.929942,0.917349,0.343532,0.39148,0.963484,0.84495,0.910272,0.000240875,0.630521,0.168515,0.579822,0.0304235,0.370089
583,5,4,0.90819,0.127623,0.0969521,0.754231,0.60641,0.47154,0.451496,0.149838,0.938468,0.263961,0.122519,0.947837,0.212028,0.367133,0.029542,0.907682,0.433935,0.304636,0.277833,0.54322,0.869906,0.0204771,0.604941,0.521875,0.614091,0.636942,0.531911,0.234305,0.0918503,0.578937,0.445019,0.647168
584,2,1,0.835229,0.776403,0.893459,0.311339,0.823226,0.567777,0.103042,0.981579,0.227448,0.898144,0.00312165,0.952665,0.30351,0.386136,0.108607,0.786928,0.472793,0.619898,0.677127,0.0827351,0.874505,0.82398,0.749217,0.677101,0.938586,0.198917,0.0538983,0.0797386,0.0121798,0.837022,0.661338,0.0789018
585,3,4,0.253501,0.427408,0.330887,0.134798,0.269796,0.91367,0.511436,0.470284,0.440148,0.569151,0.512429,0.928106,0.672714,0.530263,0.38713,0.353591,0.251308,0.797155,0.166201,0.44285,0.349474,0.318469,0.741806,0.723229,0.756705,0.801606,0.666905,0.791716,0.234028,0.977674,0.588086,0.786667
586,5,4,0.484266,0.857485,0.549979,0.000185197,0.491791,0.362431,0.565456,0.737603,0.715506,0.599719,0.109628,0.177572,0.749626,0.303733,0.135886,0.336793,0.066628,0.567828,0.97608,0.831598,0.956992,0.932492,0.0604365,0.750092,0.443253,0.84295,0.186245,0.470096,0.485345,0.389775,0.830177,0.392709
587,5,1,0.634253,0.124237,0.353906,0.579494,0.603326,0.665133,0.312001,0.438909,0.909824,0.953167,0.8704,0.608213,0.558232,0.219999,0.324799,0.479216,0.29339,0.675404,0.033418,0.323629,0.815821,0.0796416,0.450383,0.583436,0.325133,0.94787,0.47111,0.485072,0.818738,0.906109,0.124614,0.835024
588,5,3,0.897509,0.70817,0.946708,0.435466,0.397488,0.250246,0.21714,0.686938,0.373641,0.742661,0.332912,0.179896,0.176154,0.914445,0.607267,0.751147,0.476624,0.933375,0.865701,0.317073,0.0321096,0.939335,0.643868,0.368518,0.762949,0.0539698,0.759487,0.762969,0.886074,0.703508,0.729034,0.597911
589,4,2,0.332657,0.0321653,0.503209,0.624597,0.0140797,0.416835,0.00695759,0.560209,0.240127,0.429321,0.100807,0.966056,0.260211,0.604109,0.177043,0.749236,0.02852,0.936347,0.909304,0.591599,0.00822313,0.0120625,0.736082,0.0342917,0.152148,0.702338,0.91223,0.279085,0.892796,0.57938,0.653901,0.202277
590,2,2,0.00533914,0.504641,0.984872,0.975569,0.877833,0.61627,0.895106,0.936148,0.659245,0.95938,0.344787,0.20811,0.893649,0.311194,0.291517,0.769992,0.562712,0.866764,0.099731,0.519227,0.921956,0.993226,0.14077,0.0115722,0.224897,0.299593,0.558134,0.623162,0.764093,0.46929,0.619351,0.116603
591,2,4,0.000943043,0.0254471,0.757151,0.642746,0.985207,0.892743,0.809913,0.884874,0.460207,0.699544,0.903767,0.46577,0.409848,0.512032,0.524934,0.136919,0.47713,0.341017,0.447624,0.187728,0.775191,0.8212,0.526769,0.914754,0.316717,0.536923,0.258158,0.727764,0.0377473,0.121465,0.583195,0.608535
592,3,1,0.148134,0.452768,0.65383,0.243273,0.681209,0.877375,0.752155,0.742909,0.503577,0.899857,0.894055,0.818403,0.936343,0.990374,0.807371,0.192173,0.635593,0.0867478,0.303721,0.337003,0.982945,0.129004,0.274136,0.52313,0.202657,0.633029,0.442154,0.578289,0.0568406,0.25924,0.978494,0.908824
593,4,2,0.556952,0.348013,0.655796,0.718992,0.497024,0.766929,0.0320635,0.416119,0.612311,0.0169098,0.716174,0.618044,0.416749,0.0630947,0.757296,0.107856,0.227001,0.650251,0.221277,0.312488,0.161417,0.34803,0.371995,0.486807,0.847012,0.978578,0.827912,0.965442,0.382824,0.416261,0.589119,0.265499
594,1,2,0.241207,0.268781,0.168141,0.532246,0.972096,0.60686,0.617557,0.488779,0.981416,0.407994,0.337756,0.211285,0.703032,0.482506,0.222604,0.341103,0.2612,0.541595,0.511902,0.675189,0.319618,0.633312,0.167622,0.46249,0.262881,0.556052,0.0357484,0.284856,0.704424,0.0242403,0.492117,0.625019
595,2,1,0.171694,0.668954,0.102535,0.747009,0.612593,0.915928,0.0942104,0.958123,0.754282,0.0105261,0.0205109,0.990374,0.249376,0.683018,0.890667,0.643524,0.718531,0.0152131,0.0729683,0.861233,0.821126,0.145491,0.493035,0.83733,0.846783,0.0155625,0.60074,0.645964,0.681833,0.434802,0.993502,0.200767
596,5,5,0.623946,0.440128,0.460321,0.123306,0.0394519,0.486447,0.0144706,0.625217,0.119229,0.827384,0.649092,0.678649,0.567163,0.0651998,0.55343,0.307433,0.0318568,0.287979,0.469303,0.915032,0.924623,0.867782,0.397592,0.370148,0.624922,0.0711553,0.779819,0.894107,0.783925,0.88819,0.51928,0.854746
597,1,4,0.391378,0.480254,0.888693,0.177432,0.240227,0.477488,0.280216,0.494598,0.0531206,0.489932,0.795582,0.538773,0.417055,0.257657,0.229117,0.366241,0.23179,0.434187,0.9014,0.131121,0.833917,0.455364,0.553531,0.81047,0.616111,0.82806,0.474326,0.411564,0.391667,0.518808,0.915477,0.0336503
598,2,2,0.418447,0.404606,0.344562,0.445478,0.498151,0.873673,0.457632,0.461834,0.51889,0.0211923,0.139919,0.227491,0.513142,0.475621,0.242419,0.424396,0.184331,0.86037,0.0648342,0.542138,0.762653,0.689636,0.427442,0.469323,0.626644,0.439656,0.727593,0.446287,0.679317,0.410922,0.470501,0.538583
599,2,4,0.37596,0.891055,0.640049,0.333086,0.494794,0.147524,0.849132,0.0965505,0.874702,0.0134229,0.17056,0.422856,0.136234,0.187611,0.630401,0.0216479,0.301226,0.52002,0.0185707,0.679979,0.888643,0.0857511,0.226901,0.460921,0.929281,0.743629,0.717434,0.985807,0.762653,0.66719,0.201461,0.24484
600,4,3,0.521268,0.597929,0.1721,0.211799,0.305432,0.851111,0.321462,0.427404,0.15963,0.961978,0.205183,0.722901,0.788552,0.644563,0.167196,0.728353,0.0284574,0.478097,0.629355,0.505226,0.975983,0.851207,0.331214,0.680929,0.118656,0.897243,0.570387,0.890827,0.906354,0.97649,0.784062,0.700215
601,3,3,0.315057,0.166312,0.54188,0.705381,0.0912448,0.291578,0.678945,0.282948,0.725096,0.238288,0.965032,0.875122,0.260397,0.867964,0.0184564,0.63097,0.545608,0.472981,0.706791,0.672114,0.790407,0.607229,0.193739,0.415734,0.261753,0.379631,0.512591,0.382794,0.330601,0.589133,0.860511,0.647669
602,4,2,0.799579,0.968691,0.58062,0.0838457,0.77309,0.347047,0.332673,0.419075,0.831417,0.0169213,0.274572,0.364957,0.546099,0.27371,0.214007,0.506036,0.475527,0.336411,0.318175,0.726182,0.266703,0.509933,0.966985,0.129762,0.160074,0.750061,0.787326,0.0992289,0.984165,0.839049,0.0199015,0.931422
603,2,1,0.252912,0.926143,0.0404878,0.793008,0.40289,0.922436,0.935218,0.66627,0.0117651,0.235644,0.587886,0.894523,0.501396,0.184265,0.873384,0.213061,0.0840017,0.271063,0.681526,0.304246,0.68011,0.51448,0.66908,0.713457,0.942334,0.926208,0.823088,0.0884376,0.0419727,0.954369,0.471083,0.921323
604,1,5,0.310147,0.360321,0.451337,0.813143,0.384194,0.611577,0.432334,0.779094,0.979262,0.719033,0.088633,0.49677,0.922231,0.041218,0.480237,0.584268,0.623742,0.0485667,0.830183,0.603727,0.360463,0.800411,0.430422,0.584992,0.409518,0.997022,0.374731,0.455866,0.925529,0.748827,0.82893,0.667213
605,5,2,0.108123,0.713219,0.42787,0.164031,0.0986574,0.955518,0.619093,0.667777,0.143692,0.0593382,0.522373,0.657568,0.00721994,0.883119,0.316596,0.577042,0.677191,0.35402,0.484039,0.82091,0.978269,0.782512,0.874104,0.544182,0.359071,0.154362,0.0454865,0.250986,0.845626,0.738484,0.911234,0.806082
606,4,4,0.12795,0.367985,0.997915,0.0776319,0.258584,0.713462,0.724205,0.00357754,0.908035,0.0465415,0.235687,0.00434407,0.908259,0.64532,0.309482,0.417387,0.976413,0.297547,0.28126,0.912701,0.953436,0.192803,0.0535447,0.389368,0.709272,0.940312,0.532111,0.427107,0.477877,0.554694,0.223494,0.0803369
607,4,5,0.190809,0.422759,0.552842,0.800515,0.253245,0.253798,0.955621,0.422479,0.0286312,0.786549,0.199728,0.973878,0.242311,0.0596255,0.414068,0.812456,0.23273,0.300689,0.491349,0.550743,0.872466,0.290092,0.712063,0.613445,0.579962,0.353803,0.0890032,0.333615,0.693992,0.0379383,0.166414,0.14696
608,1,4,0.250057,0.998277,0.417049,0.780521,0.35047,0.286813,0.858814,0.402445,0.126544,0.739503,0.565645,0.968514,0.142062,0.455471,0.704796,0.829522,0.905078,0.975069,0.434608,0.873473,0.488092,0.22715,0.927423,0.00803186,0.520991,0.492082,0.487598,0.531361,0.578329,0.20125,0.68923,0.284674
609,4,1,0.821111,0.470347,0.435505,0.317354,0.0723485,0.622626,0.786183,0.65276,0.37695,0.769396,0.100367,0.156709,0.633779,0.741517,0.880131,0.599428,0.887753,0.0575719,0.957663,0.777446,0.867705,0.38308,0.00214092,0.330381,0.380241,0.448075,0.818543,0.346175,0.366253,0.338286,0.601548,0.808078
610,1,1,0.365025,0.9706,0.904474,0.554932,0.503228,0.182924,0.464784,0.131215,0.997514,0.59151,0.4935,0.632999,0.178398,0.0530258,0.513069,0.243002,0.814017,0.795462,0.77686,0.0496246,0.788582,0.855089,0.708024,0.658162,0.254218,0.434423,0.862084,0.346433,0.893443,0.019249,0.194153,0.825215
611,1,4,0.975605,0.309542,0.868324,0.569107,0.893236,0.245993,0.886376,0.49714,0.541687,0.809343,0.646402,0.470538,0.545363,0.948977,0.0512063,0.847501,0.745503,0.333039,0.505332,0.399962,0.647709,0.423327,0.50264,0.626179,0.491811,0.286796,0.171789,0.969249,0.278714,0.608684,0.158853,0.399402
612,1,2,0.972977,0.395405,0.153113,0.817796,0.26927,0.567841,0.59059,0.0419705,0.610179,0.176757,0.153974,0.864994,0.793717,0.5629,0.785203,0.950343,0.237318,0.0724223,0.288666,0.295261,0.937988,0.193543,0.825671,0.55384,0.697797,0.382793,0.0822332,0.157274,0.418264,0.642752,0.559302,0.536298
613,3,3,0.448227,0.479771,0.601026,0.745738,0.327377,0.205272,0.780945,0.292906,0.84045,0.346111,0.323609,0.746726,0.838657,0.846923,0.103577,0.376388,0.837729,0.296621,0.15275,0.889447,0.0829271,0.999365,0.641775,0.670354,0.471937,0.989981,0.907891,0.659966,0.363189,0.73346,0.287152,0.388656
614,5,2,0.455946,0.144136,0.344428,0.82275,0.693741,0.931059,0.759562,0.623438,0.852984,0.343647,0.972857,0.154016,0.266656,0.265156,0.716093,0.25541,0.394258,0.613528,0.677082,0.945037,0.475982,0.0482719,0.993773,0.0010223,0.728902,0.600182,0.952491,0.28406,0.83497,0.880548,0.902901,0.32725
615,5,5,0.459159,0.269511,0.251788,0.144853,0.37032,0.58153,0.0202362,0.168214,0.523993,0.424631,0.505058,0.460972,0.52525,0.020492,0.974031,0.0168073,0.911454,0.520213,0.161713,0.696035,0.368883,0.942142,0.423956,0.179119,0.360533,0.103259,0.798496,0.0520879,0.524038,0.436042,0.5721,0.623147
616,4,3,0.805928,0.682645,0.132212,0.208361,0.713915,0.46177,0.435436,0.910346,0.294649,0.326741,0.0500188,0.49873,0.48725,0.958565,0.355437,0.734708,0.251513,0.74774,0.694672,0.252334,0.769485,0.414698,0.24479,0.0823422,0.0494474,0.606526,0.848753,0.10373,0.00995974,0.83591,0.937113,0.814554
617,3,4,0.321847,0.141166,0.246478,0.025579,0.00900566,0.796709,0.235471,0.600141,0.137728,0.71093,0.612166,0.303807,0.166546,0.509483,0.52863,0.747174,0.590116,0.462563,0.298042,0.601384,0.035065,0.789728,0.0372539,0.215221,0.0263473,0.0659289,0.739125,0.531824,0.31801,0.0621258,0.7963,0.766557
618,5,1,0.452998,0.881713,0.512883,0.639562,0.713031,0.0671976,0.273503,0.253152,0.121587,0.807932,0.556057,0.167132,0.326978,0.69848,0.442491,0.780259,0.646947,0.330112,0.494126,0.322297,0.620279,0.557803,0.5442,0.861286,0.739796,0.223906,0.705937,0.941258,0.53419,0.599119,0.678903,0.992126
619,3,5,0.432271,0.126562,0.412763,0.826642,0.764246,0.864756,0.582554,0.445459,0.0710068,0.714071,0.892112,0.867557,0.0307831,0.0431278,0.748396,0.57395,0.758794,0.853481,0.953111,0.398155,0.0541344,0.302384,0.596857,0.795707,0.427841,0.335787,0.330633,0.0031743,0.0903186,0.959573,0.562654,0.592123
620,1,4,0.104554,0.825302,0.61249,0.0664104,0.737953,0.17086,0.767278,0.311121,0.905373,0.320699,0.409471,0.658786,0.953073,0.623133,0.865429,0.49459,0.296502,0.211264,0.159283,0.381983,0.435389,0.543594,0.401899,0.467985,0.575719,0.127293,0.583386,0.649511,0.749987,0.0730518,0.50989,0.378195
621,2,2,0.858291,0.0200235,0.309765,0.569983,0.971297,0.334521,0.11786,0.00883184,0.958251,0.190383,0.0910118,0.940946,0.231036,0.521149,0.0465799,0.997227,0.705113,0.524817,0.850299,0.543936,0.434071,0.391843,0.928522,0.31004,0.590299,0.251546,0.630007,0.343421,0.845419,0.459851,0.2968,0.191992
622,4,3,0.905952,0.271545,0.900963,0.44926,0.976483,0.652813,0.901838,0.856146,0.127372,0.287132,0.823724,0.183728,0.409838,0.378847,0.990801,0.894383,0.472281,0.00986072,0.553836,0.677869,0.529775,0.47716,0.321737,0.161046,0.0750221,0.321022,0.895651,0.22495,0.802676,0.877832,0.139527,0.481873
623,5,1,0.625847,0.593688,0.409144,0.639617,0.254021,0.495556,0.859729,0.0178735,0.700188,0.334723,0.54774,0.183873,0.609569,0.680143,0.0910662,0.0567047,0.47392,0.563803,0.1937,0.210632,0.208384,0.948846,0.661304,0.335541,0.911256,0.325221,0.403757,0.923385,0.207749,0.417348,0.648747,0.962862
624,5,2,0.748319,0.306345,0.868757,0.666193,0.536555,0.890857,0.751876,0.256406,0.140065,0.930478,0.348275,0.594121,0.389549,0.801008,0.511296,0.397207,0.929076,0.21218,0.874297,0.911235,0.134525,0.933136,0.17279,0.497575,0.357641,0.00649502,0.290744,0.109783,0.614771,0.573028,0.902776,0.0237767
625,5,3,0.653603,0.30337,0.838159,0.714348,0.525202,0.0555787,0.208327,0.488731,0.524688,0.579114,0.555083,0.617291,0.742458,0.405158,0.219883,0.304368,0.36831,0.682493,0.364027,0.847569,0.95944,0.693618,0.443945,0.932102,0.755094,0.717264,0.750811,0.764619,0.265544,0.167903,0.57187,0.41954
626,3,4,0.475198,0.256293,0.945118,0.52854,0.214458,0.290792,0.0741591,0.687502,0.891454,0.470288,0.847681,0.458807,0.99259,0.983643,0.679393,0.392445,0.936688,0.362295,0.826949,0.318604,0.844426,0.894749,0.569142,0.496724,0.382365,0.600014,0.934558,0.180818,0.432117,0.540942,0.538819,0.274648
627,4,3,0.564818,0.832528,0.470505,0.714811,0.0479676,0.730244,0.882048,0.512475,0.444394,0.712118,0.588944,0.422687,0.139188,0.651489,0.00338785,0.259039,0.24529,0.069757,0.704586,0.413473,0.0991945,0.461778,0.908887,0.256407,0.215023,0.72771,0.204594,0.0735505,0.181508,0.222748,0.0139817,0.748565
628,5,2,0.875035,0.705284,0.614163,0.567486,0.1882,0.950713,0.285278,0.597796,0.475927,0.014869,0.954346,0.352877,0.247351,0.143061,0.731646,0.924634,0.439448,0.104012,0.297847,0.387707,0.455916,0.226099,0.0712067,0.846722,0.798687,0.308567,0.243302,0.991893,0.725412,0.0386166,0.0683484,0.128277
629,1,4,0.193015,0.811106,0.882742,0.878517,0.809473,0.0714514,0.96786,0.0324601,0.477891,0.744557,0.727397,0.133352,0.370711,0.132999,0.184368,0.0223665,0.443076,0.0498079,0.165749,0.263675,0.982045,0.0650055,0.0962465,0.368879,0.589212,0.832775,0.626464,0.32632,0.53808,0.727834,0.662186,0.09391
630,2,4,0.555019,0.316747,0.287213,0.749753,0.940176,0.136252,0.762072,0.897883,0.972515,0.242577,0.0375561,0.353138,0.285133,0.950181,0.195423,0.578482,0.0111546,0.365772,0.242326,0.949602,0.678776,0.329077,0.231089,0.0948707,0.509003,0.996849,0.887818,0.267845,0.693758,0.851258,0.394629,0.165541
631,3,1,0.455736,0.524449,0.177041,0.980907,0.634001,0.55283,0.364153,0.0250151,0.852365,0.603878,0.756553,0.145316,0.610513,0.798541,0.364202,0.856568,0.209932,0.482094,0.776152,0.783221,0.486409,0.145111,0.22475,0.492078,0.195175,0.393944,0.165401,0.611317,0.777161,0.0444772,0.228987,0.752123
632,1,5,0.451546,0.656471,0.579611,0.0184572,0.877155,0.831888,0.867747,0.1747,0.451076,0.515498,0.0153663,0.261493,0.426444,0.722647,0.606194,0.321351,0.557765,0.724609,0.651336,0.284871,0.154076,0.752473,0.646535,0.0306055,0.182652,0.283311,0.750524,0.498634,0.339088,0.0450596,0.709895,0.186034
633,4,1,0.40786,0.976834,0.705034,0.73975,0.226871,0.2522,0.795287,0.260517,0.63078,0.64579,0.587562,0.1176,0.353549,0.948309,0.482451,0.224813,0.597349,0.999636,0.472462,0.495734,0.698313,0.77143,0.433697,0.0021841,0.202273,0.888746,0.213934,0.270002,0.00580376,0.667937,0.300958,0.806355
634,1,1,0.794163,0.442509,0.202468,0.493836,0.959044,0.312119,0.502403,0.481756,0.916979,0.317546,0.706765,0.360748,0.722433,0.669331,0.0850436,0.632593,0.219991,0.232266,0.00881483,0.897483,0.716128,0.862789,0.344438,0.509083,0.786653,0.433251,0.338936,0.376856,0.819334,0.707268,0.130698,0.671666
635,4,2,0.340877,0.671458,0.408487,0.252431,0.348703,0.0185583,0.763647,0.699209,0.0969514,0.644794,0.351217,0.410809,0.83724,0.525686,0.0667971,0.947169,0.942344,0.5952,0.986317,0.657884,0.0885682,0.0639113,0.291273,0.165994,0.372401,0.300952,0.776391,0.539379,0.595927,0.776591,0.644366,0.321241
636,5,1,0.117979,0.256151,0.833209,0.254609,0.70562,0.948864,0.577342,0.635457,0.889735,0.155901,0.700306,0.722249,0.2017,0.722021,0.429745,0.66647,0.494043,0.13472,0.0552176,0.407991,0.954638,0.106756,0.128577,0.816621,0.697461,0.655172,0.506231,0.507204,0.0256322,0.343015,0.924747,0.184249
637,5,1,0.524258,0.969241,0.228942,0.199649,0.121623,0.0598746,0.363392,0.961667,0.255428,0.548952,0.506691,0.796657,0.966409,0.0437658,0.574953,0.566946,0.889931,0.39821,0.650879,0.771964,0.475247,0.0384256,0.854608,0.401691,0.471368,0.799073,0.868628,0.522697,0.291577,0.550039,0.128813,0.0971647
638,1,4,0.587415,0.677,0.889092,0.675047,0.937827,0.979103,0.0536284,0.711953,0.500969,0.493243,0.374965,0.857328,0.625858,0.104473,0.793591,0.449296,0.28059,0.287109,0.556798,0.104638,0.708729,0.763502,0.134431,0.510792,0.814067,0.556769,0.60611,0.411255,0.949537,0.460337,0.339529,0.116017
639,5,1,0.506501,0.432447,0.0858108,0.816768,0.969527,0.196287,0.038685,0.205055,0.753504,0.64576,0.525102,0.846003,0.368621,0.472198,0.0658422,0.726954,0.622167,0.99933,0.58522,0.990266,0.280883,0.744337,0.910222,0.739586,0.30411,0.247619,0.449725,0.83354,0.543762,0.405102,0.100232,0.961994
640,1,3,0.374536,0.43584,0.0807792,0.55584,0.387291,0.405156,0.600203,0.210579,0.513653,0.592988,0.694542,0.755918,0.0554839,0.644839,0.284541,0.234449,0.819231,0.731608,0.0798937,0.256898,0.855486,0.175202,0.0918961,0.690668,0.834454,0.842787,0.360788,0.481539,0.612209,0.531392,0.152887,0.302748
641,5,2,0.215938,0.131983,0.127854,0.955831,0.312406,0.800361,0.514383,0.667973,0.588759,0.538194,0.789868,0.792169,0.65624,0.494757,0.608758,0.299974,0.411782,0.160374,0.473808,0.647586,0.414521,0.929426,0.842166,0.153619,0.23,0.180018,0.00572093,0.433606,0.65132,0.806899,0.202462,0.293923
642,5,1,0.859046,0.619966,0.0767274,0.535615,0.106388,0.0602204,0.495172,0.08149,0.609223,0.643013,0.274908,0.465124,0.716798,0.970977,0.594916,0.678531,0.324824,0.0100737,0.0253715,0.481019,0.75015,0.414448,0.214754,0.106714,0.834474,0.923209,0.42029,0.805011,0.577077,0.230086,0.872949,0.255981
643,5,5,0.37152,0.296717,0.208889,0.584622,0.775146,0.420843,0.43308,0.969255,0.192042,0.0560802,0.904425,0.59143,0.198104,0.858309,0.0258072,0.480741,0.02028,0.00296272,0.622315,0.242802,0.661675,0.323769,0.311042,0.965994,0.320011,0.911773,0.339494,0.949171,0.680159,0.825758,0.0581338,0.351648
644,5,2,0.222521,0.981685,0.999673,0.350071,0.171523,0.260556,0.771546,0.546916,0.223413,0.187152,0.0808468,0.0326242,0.874933,0.945831,0.858751,0.925741,0.40357,0.162654,0.702396,0.40774,0.557066,0.831036,0.852956,0.661,0.315056,0.394788,0.523672,0.744171,0.485372,0.897047,0.353906,0.926158
645,3,3,0.165878,0.173561,0.149509,0.912839,0.57691,0.0925554,0.657494,0.721688,0.194619,0.140497,0.390717,0.389387,0.946564,0.411556,0.246617,0.158758,0.668361,0.922681,0.740149,0.00266817,0.448129,0.893809,0.937526,0.883829,0.736657,0.316964,0.457925,0.704284,0.569335,0.252809,0.692613,0.758774
646,2,5,0.878698,0.300225,0.356889,0.400235,0.299886,0.689889,0.213839,0.906097,0.037783,0.130727,0.043014,0.571364,0.870055,0.253729,0.678393,0.801372,0.660532,0.0702373,0.614643,0.688956,0.849219,0.174946,0.480267,0.596385,0.870411,0.835693,0.359445,0.755081,0.926708,0.752943,0.698657,0.517845
647,5,3,0.564085,0.588105,0.533031,0.917518,0.137899,0.546522,0.591243,0.505966,0.314786,0.222353,0.0523488,0.544787,0.948656,0.140585,0.64149,0.86969,0.876919,0.675892,0.676056,0.993635,0.356984,0.0920974,0.512688,0.240673,0.675747,0.877159,0.960252,0.395254,0.253669,0.466303,0.874977,0.860652
648,3,3,0.670416,0.193476,0.931267,0.89203,0.397879,0.0310617,0.953016,0.895396,0.702783,0.0505202,0.0420058,0.665849,0.906873,0.0716794,0.484473,0.706213,0.460327,0.0339713,0.566467,0.842458,0.149385,0.465944,0.469166,0.0934539,0.831127,0.706819,0.0154825,0.48929,0.272917,0.190949,0.00245459,0.0156724
649,1,4,0.728316,0.0856292,0.798772,0.0941697,0.94519,0.26733,0.608505,0.630458,0.254627,0.529911,0.924148,0.0689873,0.775316,0.968431,0.574428,0.887169,0.69564,0.259225,0.924316,0.122339,0.712394,0.942403,0.368374,0.461142,0.713028,0.311167,0.0402782,0.490358,0.386416,0.772744,0.406323,0.168385
650,1,1,0.0230855,0.749447,0.133381,0.539348,0.654621,0.865842,0.802289,0.132143,0.988203,0.595479,0.346364,0.449343,0.599379,0.422292,0.937145,0.252561,0.167042,0.37228,0.717646,0.108151,0.754979,0.251599,0.0889755,0.271965,0.861249,0.720668,0.813105,0.0485504,0.033403,0.651192,0.0910844,0.22141
651,4,2,0.334744,0.300806,0.509289,0.224473,0.532348,0.552032,0.267667,0.357376,0.911597,0.965994,0.368263,0.96355,0.0455502,0.443715,0.300227,0.795087,0.531109,0.0132685,0.408222,0.547812,0.273843,0.743299,0.131323,0.216943,0.819165,0.0611718,0.996145,0.155919,0.329542,0.441848,0.381621,0.506371
652,2,1,0.718441,0.439974,0.39203,0.470235,0.90493,0.769437,0.560004,0.105242,0.45039,0.76895,0.646673,0.688627,0.952804,0.741661,0.794552,0.734468,0.0400131,0.470592,0.33231,0.2114,0.470545,0.536629,0.314518,0.957982,0.700188,0.588526,0.826269,0.0110471,0.731345,0.0597109,0.989333,0.992863
653,3,5,0.87499,0.0460452,0.766623,0.353024,0.362179,0.969317,0.734125,0.318675,0.104076,0.409884,0.789333,0.634077,0.532331,0.0241118,0.29229,0.897764,0.655777,0.519443,0.64162,0.466811,0.209486,0.860727,0.0303974,0.953077,0.433623,0.423425,0.569512,0.172441,0.876605,0.815709,0.928217,0.40326
654,3,2,0.753803,0.949899,0.439303,0.114829,0.746082,0.956554,0.204802,0.36827,0.371065,0.646253,0.634228,0.0347501,0.018158,0.888884,0.722461,0.641597,0.835536,0.643554,0.399142,0.902176,0.447942,0.508347,0.851282,0.410517,0.775655,0.866129,0.288149,0.74242,0.323976,0.948976,0.678878,0.940122
655,4,4,0.16223,0.446986,0.30993,0.255985,0.899983,0.660648,0.688174,0.364542,0.985974,0.786101,0.767013,0.121551,0.941974,0.116403,0.216189,0.204455,0.771485,0.0842922,0.0202175,0.620032,0.67076,0.147353,0.469282,0.159963,0.34676,0.0142282,0.862404,0.78209,0.854268,0.812296,0.0223017,0.162022
656,3,4,0.367832,0.433545,0.415661,0.239595,0.832041,0.621385,0.30984,0.178484,0.943049,0.756884,0.179634,0.0476152,0.662722,0.959131,0.672105,0.0718753,0.252195,0.579448,0.324751,0.902194,0.834799,0.0119045,0.761805,0.498514,0.329096,0.350007,0.533957,0.580332,0.0616803,0.225457,0.208746,0.0648992
657,5,2,0.0859737,0.416849,0.843332,0.622486,0.718006,0.210539,0.943634,0.338741,0.693467,0.561681,0.940401,0.593113,0.554513,0.372315,0.600219,0.280053,0.976971,0.273701,0.642129,0.174699,0.0307866,0.325405,0.723803,0.19944,0.905469,0.633815,0.79558,0.569067,0.583833,0.382589,0.671304,0.32583
658,4,4,0.0906621,0.535458,0.667245,0.918903,0.283398,0.685703,0.64009,0.744415,0.607624,0.834378,0.153457,0.351635,0.206747,0.0628758,0.62163,0.622559,0.12823,0.188672,0.265181,0.569044,0.835246,0.73951,0.327092,0.783638,0.48806,0.301839,0.94114,0.512433,0.227149,0.620965,0.389626,0.819481
659,3,2,0.755339,0.987975,0.901653,0.00808467,0.915473,0.437489,0.77664,0.256044,0.228331,0.119893,0.0248093,0.911515,0.383774,0.997962,0.141549,0.180596,0.710388,0.0384334,0.661131,0.275054,0.0439716,0.834862,0.836594,0.29389,0.248743,0.0569015,0.432227,0.0524922,0.667934,0.427423,0.429419,0.931826
660,3,3,0.065628,0.427158,0.401444,0.101934,0.764848,0.493573,0.915176,0.696547,0.413497,0.27115,0.423586,0.296711,0.702627,0.841975,0.942772,0.0103637,0.267061,0.636471,0.440144,0.393885,0.795973,0.298381,0.609694,0.657594,0.110586,0.834669,0.627733,0.558392,0.186746,0.0310946,0.510216,0.461401
661,5,1,0.876203,0.543799,0.462494,0.670959,0.279442,0.0193184,0.230966,0.502013,0.874252,0.588308,0.171011,0.343353,0.425869,0.668365,0.187173,0.228178,0.773304,0.317372,0.474373,0.962755,0.351144,0.34807,0.3611,0.346501,0.852214,0.595681,0.553774,0.970975,0.717868,0.98308,0.897039,0.579658
662,1,4,0.328509,0.900657,0.952451,0.570238,0.0248759,0.365996,0.376836,0.829195,0.895799,0.399832,0.274637,0.0340445,0.273081,0.821072,0.302622,0.545859,0.612313,0.338144,0.438333,0.250892,0.726735,0.593797,0.894911,0.20805,0.674199,0.323851,0.204467,0.63653,0.932682,0.881544,0.264493,0.53289
663,2,1,0.0899673,0.763061,0.563384,0.664354,0.113762,0.245838,0.138776,0.866789,0.30003,0.436276,0.281653,0.0442107,0.60424,0.244613,0.816745,0.765548,0.76135,0.0691333,0.262484,0.147364,0.245311,0.694227,0.965792,0.892601,0.00823624,0.633732,0.879721,0.222291,0.199729,0.0534138,0.947284,0.615127
664,1,2,0.440352,0.612722,0.707121,0.22558,0.587669,0.904656,0.317939,0.475093,0.553831,0.223938,0.730707,0.853145,0.0423349,0.254035,0.0111993,0.306599,0.458067,0.834278,0.131837,0.308792,0.664344,0.410164,0.214052,0.347666,0.432851,0.1164,0.197671,0.0388958,0.548484,0.724541,0.116053,0.645137
665,3,1,0.0511316,0.295599,0.954258,0.945006,0.142286,0.987671,0.708478,0.473435,0.0679262,0.802452,0.10816,0.736686,0.508876,0.297318,0.464871,0.0585627,0.95158,0.142556,0.944835,0.838294,0.779609,0.731214,0.602102,0.664335,0.45496,0.130649,0.356179,0.639931,0.947088,0.772152,0.602909,0.860602
666,5,4,0.231901,0.684475,0.0466978,0.0190977,0.945189,0.706873,0.313735,0.635621,0.442589,0.148348,0.11464,0.766122,0.836924,0.0683476,0.0276318,0.826399,0.833991,0.261929,0.140285,0.688852,0.886564,0.923689,0.729773,0.339827,0.16467,0.502894,0.565818,0.463118,0.312656,0.157611,0.178233,0.590312
667,1,1,0.403523,0.916875,0.398544,0.850803,0.169887,0.510019,0.383066,0.719017,0.871617,0.800783,0.363129,0.493489,0.951604,0.115428,0.946309,0.437931,0.144899,0.842478,0.177311,0.596641,0.862674,0.724458,0.392761,0.185268,0.00437398,0.964338,0.273872,0.404081,0.597629,0.653636,0.799266,0.0188723
668,4,3,0.110541,0.782034,0.922093,0.967969,0.751148,0.320055,0.58978,0.0371807,0.769187,0.360867,0.428854,0.0174681,0.758456,0.192373,0.371803,0.752472,0.244095,0.937088,0.729013,0.0874491,0.419672,0.557901,0.981377,0.253881,0.349485,0.139059,0.921727,0.21898,0.932963,0.577763,0.241853,0.0651345
669,3,2,0.433075,0.135228,0.917525,0.272677,0.450124,0.190754,0.744304,0.882976,0.466967,0.708011,0.227801,0.868463,0.19935,0.383463,0.425431,0.313413,0.755495,0.380587,0.605071,0.0185482,0.688629,0.724704,0.282326,0.349772,0.481435,0.313324,0.0443953,0.598141,0.817532,0.43625,0.989892,0.980843
670,1,3,0.0109637,0.613896,0.169793,0.311651,0.652527,0.990595,0.612079,0.445111,0.787865,0.634129,0.253884,0.126722,0.763632,0.733024,0.687984,0.26921,0.322814,0.448613,0.545488,0.883133,0.147274,0.970553,0.452565,0.424572,0.881197,0.834803,0.421191,0.053349,0.839567,0.847574,0.590253,0.62951
671,3,4,0.581106,0.889964,0.505983,0.845337,0.398641,0.296945,0.11963,0.791488,0.416709,0.0994909,0.0727624,0.822764,0.098769,0.675456,0.415917,0.0878663,0.305381,0.68308,0.925544,0.580519,0.375706,0.59455,0.757858,0.290864,0.530248,0.266497,0.704086,0.762535,0.260116,0.256813,0.941905,0.446262
672,2,1,0.831324,0.0796163,0.365046,0.594548,0.100211,0.589376,0.673712,0.684229,0.00775965,0.369928,0.475293,0.44898,0.192802,0.329969,0.627375,0.808168,0.97942,0.130611,0.464403,0.962954,0.817498,0.634836,0.507784,0.886907,0.49584,0.426231,0.930423,0.332279,0.889966,0.900726,0.7858,0.098873
673,2,3,0.545008,0.299347,0.223897,0.959775,0.443917,0.633069,0.484213,0.554194,0.83164,0.705356,0.896028,0.417475,0.41462,0.758074,0.0177044,0.393231,0.861774,0.826363,0.174279,0.267295,0.621882,0.277547,0.0249709,0.522383,0.399506,0.430761,0.98596,0.648116,0.100694,0.364291,0.423693,0.230551
674,4,2,0.905088,0.560956,0.86934,0.1426,0.237699,0.556719,0.0811878,0.319257,0.627138,0.392452,0.336369,0.279318,0.672084,0.93141,0.0321198,0.683336,0.133399,0.26246,0.686372,0.645031,0.212371,0.848572,0.857588,0.40163,0.0585909,0.829957,0.215482,0.154415,0.99856,0.822781,0.433076,0.540294
675,2,5,0.182663,0.407141,0.609869,0.987993,0.726106,0.783556,0.314477,0.575086,0.828897,0.115164,0.603418,0.417812,0.389123,0.263052,0.557642,0.0710011,0.576761,0.542204,0.165535,0.889186,0.402732,0.6756,0.343431,0.24968,0.400903,0.573585,0.761111,0.943234,0.482538,0.722915,0.940316,0.689474
676,2,3,0.415704,0.798873,0.786957,0.136624,0.546025,0.347635,0.547028,0.965141,0.0533402,0.489705,0.3986,0.111637,0.270734,0.458605,0.999335,0.696993,0.308355,0.997548,0.884497,0.323905,0.676234,0.514087,0.340916,0.879681,0.543534,0.355267,0.840536,0.109262,0.883368,0.948936,0.160394,0.488441
677,4,2,0.335223,0.6212,0.0420448,0.00353662,0.598238,0.931131,0.85482,0.361451,0.381574,0.396932,0.740036,0.174109,0.6277,0.378152,0.375649,0.803944,0.14106,0.799992,0.709324,0.935797,0.854565,0.403229,0.685854,0.708722,0.0178785,0.507238,0.216233,0.804023,0.06948,0.712542,0.570386,0.367903
678,5,1,0.110579,0.252442,0.838338,0.576516,0.555509,0.963843,0.689969,0.200067,0.971402,0.0952525,0.083681,0.119401,0.901224,0.783099,0.126103,0.350105,0.392959,0.224367,0.851439,0.352844,0.906254,0.645331,0.506372,0.546787,0.594105,0.743589,0.708147,0.339074,0.832759,0.452029,0.121511,0.101968
679,5,2,0.481276,0.462255,0.450623,0.301597,0.4239,0.612801,0.509212,0.0430022,0.945051,0.121766,0.548204,0.865191,0.953178,0.566312,0.18029,0.712055,0.724136,0.841972,0.81224,0.463834,0.679129,0.76106,0.606922,0.524586,0.564813,0.222749,0.860931,0.337656,0.821647,0.49035,0.122289,0.316886
680,4,5,0.414069,0.337393,0.253697,0.12284,0.869769,0.0846426,0.432025,0.046496,0.808365,0.110956,0.263404,0.343707,0.00392932,0.593872,0.495459,0.188147,0.100228,0.888009,0.754376,0.808382,0.276075,0.520527,0.443646,0.72421,0.0870336,0.366329,0.286659,0.0367778,0.78149,0.904333,0.151588,0.127793
681,2,5,0.917426,0.571883,0.679837,0.305563,0.811022,0.495525,0.108972,0.50163,0.250732,0.0232871,0.894539,0.35546,0.715106,0.739866,0.639554,0.510069,0.663767,0.24423,0.414201,0.33511,0.0445566,0.863054,0.784442,0.52555,0.678713,0.528352,0.472804,0.961467,0.89976,0.320881,0.33616,0.479541
682,5,5,0.872796,0.758912,0.796988,0.265799,0.51498,0.151091,0.130735,0.700705,0.215071,0.257656,0.656228,0.922676,0.385041,0.129248,0.836473,0.318315,0.949955,0.0547872,0.805637,0.703305,0.377545,0.891263,0.788686,0.635875,0.351442,0.937753,0.1671,0.128504,0.0333932,0.0877339,0.385717,0.838413
683,3,3,0.238987,0.83104,0.206513,0.798965,0.969821,0.362228,0.0250041,0.217462,0.785782,0.928804,0.32137,0.307,0.037488,0.398408,0.917803,0.699559,0.139642,0.293356,0.551779,0.81913,0.274054,0.0700346,0.0651928,0.791183,0.0499225,0.601851,0.115557,0.572994,0.071367,0.458377,0.760558,0.277046
684,2,1,0.342892,0.450029,0.418369,0.583754,0.928947,0.281574,0.910752,0.0775956,0.715676,0.145089,0.884682,0.699177,0.319648,0.0224923,0.381109,0.856443,0.613712,0.694397,0.623626,0.768087,0.4817,0.835984,0.400658,0.12271,0.98618,0.822451,0.821124,0.504642,0.43498,0.885524,0.727292,0.886587
685,5,5,0.100169,0.382865,0.352431,0.526399,0.402973,0.67836,0.0165371,0.286186,0.814792,0.252142,0.359193,0.381266,0.580418,0.500939,0.0739632,0.951146,0.174997,0.762108,0.889694,0.429321,0.608688,0.0543662,0.950284,0.168521,0.99875,0.455924,0.37186,0.813826,0.298803,0.380696,0.858356,0.538497
686,3,2,0.629641,0.913796,0.795141,0.215775,0.781746,0.0435949,0.35534,0.305411,0.57427,0.695802,0.833057,0.951112,0.688114,0.077032,0.0211638,0.0284838,0.336706,0.884147,0.144476,0.748145,0.232972,0.992249,0.90549,0.396793,0.0368933,0.416051,0.219801,0.172312,0.309569,0.115847,0.616884,0.578718
687,2,1,0.218269,0.0803165,0.164241,0.886987,0.236798,0.198356,0.50253,0.748584,0.271178,0.282229,0.947603,0.812905,0.463865,0.118397,0.058796,0.756072,0.729266,0.0981189,0.328845,0.446916,0.653489,0.734004,0.279594,0.173218,0.570744,0.285665,0.772152,0.864767,0.928009,0.885119,0.261127,0.0449355
688,4,3,0.464266,0.117472,0.927175,0.179693,0.901387,0.970188,0.0898783,0.551655,0.13193,0.468112,0.495509,0.984467,0.106619,0.556956,0.345581,0.661118,0.148385,0.332771,0.63604,0.382115,0.949495,0.594409,0.996734,0.0697858,0.375241,0.255883,0.599013,0.196812,0.856268,0.0158934,0.117462,0.536901
689,1,1,0.408844,0.383939,0.206146,0.268727,0.402754,0.65206,0.0759603,0.134659,0.695407,0.518615,0.252743,0.768074,0.311406,0.164298,0.121081,0.75326,0.864659,0.760795,0.493444,0.0599266,0.572147,0.0187843,0.569433,0.973935,0.410493,0.193383,0.19253,0.822139,0.745133,0.561851,0.127056,0.264472
690,1,5,0.710145,0.496677,0.208837,0.407355,0.306773,0.698886,0.475227,0.904169,0.449351,0.805248,0.708579,0.274452,0.623432,0.878933,0.644396,0.833391,0.714054,0.929136,0.292613,0.458661,0.322333,0.768575,0.437998,0.591658,0.307462,0.310503,0.984938,0.994431,0.814052,0.0383075,0.164655,0.162273
691,2,4,0.0427833,0.0605628,0.244063,0.886821,0.114291,0.715221,0.533338,0.036684,0.857995,0.42932,0.73675,0.754471,0.215609,0.5831,0.399299,0.935871,0.507894,0.867644,0.810206,0.332648,0.839122,0.0846272,0.909718,0.944257,0.509245,0.517287,0.694275,0.0743976,0.1118,0.816576,0.565289,0.868506
692,2,2,0.431717,0.447509,0.63405,0.662173,0.256986,0.706684,0.0521851,0.89303,0.0102339,0.955862,0.0221595,0.514321,0.00834973,0.798495,0.110355,0.96451,0.239489,0.151243,0.221222,0.018268,0.986797,0.868964,0.306006,0.195273,0.127421,0.0424788,0.545563,0.160096,0.857957,0.384115,0.67806,0.219266
693,3,4,0.561616,0.975294,0.714856,0.704406,0.728104,0.712192,0.666538,0.0946854,0.87081,0.732098,0.870105,0.739344,0.578937,0.659745,0.429856,0.228436,0.64157,0.423036,0.818212,0.846276,0.0056521,0.670202,0.991997,0.732769,0.182894,0.587374,0.470249,0.449587,0.87203,0.759052,0.22504,0.0679258
694,2,5,0.132582,0.997204,0.395076,0.780192,0.177135,0.290564,0.363628,0.277819,0.373464,0.667219,0.993171,0.895854,0.994813,0.57795,0.114786,0.527402,0.725969,0.160384,0.0517455,0.715457,0.030192,0.702299,0.105334,0.966951,0.965486,0.300192,0.940864,0.756445,0.193928,0.434065,0.161672,0.558473
695,5,3,0.515547,0.221995,0.569705,0.342869,0.221593,0.773309,0.756623,0.570458,0.309553,0.0924229,0.922131,0.430186,0.656723,0.586633,0.436351,0.909517,0.789912,0.188488,0.817915,0.805953,0.290482,0.130624,0.339715,0.242236,0.935955,0.243344,0.164741,0.877479,0.0421504,0.199018,0.454055,0.786961
696,2,5,0.771668,0.999091,0.919531,0.839091,0.533201,0.739703,0.100065,0.870726,0.588689,0.63403,0.778396,0.843652,0.0933281,0.261127,0.172657,0.0977032,0.0122907,0.615932,0.593653,0.43469,0.886734,0.426441,0.670663,0.526748,0.98204,0.361383,0.0630336,0.62606,0.903001,0.0305684,0.814068,0.969891
697,1,4,0.973527,0.93527,0.287938,0.365003,0.889305,0.531891,0.880749,0.954131,0.757658,0.902346,0.56347,0.790244,0.120003,0.407332,0.531972,0.564339,0.356796,0.792912,0.792217,0.273012,0.758129,0.626449,0.910613,0.827934,0.0148302,0.707455,0.809103,0.479481,0.938462,0.584608,0.7893,0.988676
698,1,3,0.0812791,0.785618,0.0208452,0.726605,0.628745,0.701491,0.629673,0.716369,0.986914,0.45441,0.398043,0.47416,0.331906,0.467863,0.624425,0.0332546,0.825609,0.241065,0.936774,0.154564,0.803124,0.886445,0.426674,0.274969,0.634914,0.138443,0.856299,0.119767,0.49061,0.69999,0.216687,0.00608331
699,1,4,0.000157745,0.118871,0.718238,0.849663,0.111097,0.95845,0.243839,0.958755,0.297876,0.441964,0.56038,0.644515,0.397957,0.599704,0.674674,0.350039,0.0556387,0.444064,0.123939,0.0643237,0.499211,0.795699,0.336965,0.240804,0.295813,0.460527,0.0670281,0.480621,0.895719,0.560712,0.691819,0.817877
700,5,1,0.065046,0.663063,0.974873,0.526745,0.681173,0.0959558,0.417456,0.402008,0.701731,0.957317,0.756332,0.995548,0.779962,0.730498,0.477877,0.227515,0.429883,0.101891,0.0110281,0.414764,0.926557,0.856572,0.603308,0.721864,0.203154,0.883892,0.919603,0.615776,0.914932,0.130328,0.989184,0.114796
701,1,3,0.997784,0.56708,0.244686,0.242886,0.84225,0.734384,0.823028,0.68625,0.23094,0.318111,0.0984376,0.176802,0.979421,0.1024,0.296025,0.737315,0.870892,0.450441,0.00412716,0.32353,0.0210248,0.856653,0.465871,0.593613,0.238715,0.518002,0.689841,0.743379,0.565564,0.815583,0.0774858,0.686073
702,5,4,0.388049,0.379299,0.185604,0.771665,0.792222,0.517907,0.41607,0.704386,0.0934319,0.890399,0.484343,0.915891,0.0908382,0.277716,0.128937,0.18789,0.23961,0.261287,0.859528,0.751372,0.924613,0.370058,0.826258,0.173389,0.334077,0.0983855,0.272446,0.327313,0.549156,0.136136,0.721853,0.156374
703,1,4,0.131571,0.0197321,0.049292,0.117553,0.694356,0.844365,0.832226,0.844914,0.846349,0.329243,0.678464,0.087953,0.954016,0.70497,0.511005,0.360132,0.913815,0.0454646,0.967812,0.157827,0.847157,0.137215,0.309759,0.589116,0.196216,0.898118,0.54812,0.793072,0.453015,0.546516,0.877758,0.422155
704,2,3,0.25774,0.443813,0.751799,0.246099,0.0949866,0.679197,0.320764,0.873244,0.387155,0.37287,0.622594,0.841538,0.158133,0.431082,0.860604,0.401336,0.447542,0.0283244,0.917022,0.695279,0.46787,0.807503,0.27504,0.663557,0.141829,0.151361,0.0037451,0.103293,0.532157,0.572859,0.107157,0.401516
705,1,4,0.589272,0.9678,0.275686,0.723923,0.175224,0.411788,0.774722,0.0190993,0.946791,0.0340957,0.10044,0.684804,0.15559,0.837739,0.960013,0.707703,0.0377842,0.405888,0.977632,0.0311357,0.00464448,0.967402,0.873669,0.986336,0.307325,0.549365,0.938589,0.070671,0.316945,0.540973,0.654306,0.892338
706,1,5,0.24233,0.719989,0.773679,0.0849698,0.528686,0.106512,0.927969,0.127349,0.428751,0.904377,0.869812,0.52585,0.448955,0.791575,0.979248,0.115291,0.959834,0.927643,0.329137,0.821142,0.885924,0.224764,0.847611,0.874182,0.21068,0.263443,0.62429,0.20534,0.0726823,0.264244,0.836711,0.909955
707,3,2,0.0708147,0.328996,0.400219,0.705434,0.576922,0.675745,0.854917,0.806563,0.974243,0.29651,0.439493,0.510139,0.0604469,0.667674,0.749116,0.0262568,0.565173,0.376739,0.447891,0.695888,0.309269,0.252595,0.502399,0.957704,0.33868,0.0301614,0.757012,0.958087,0.543894,0.216764,0.876848,0.048822
708,4,5,0.238262,0.786282,0.851092,0.752442,0.557219,0.20884,0.206841,0.19679,0.623508,0.64258,0.357717,0.458083,0.844406,0.79229,0.4533,0.0241328,0.726441,0.610412,0.0955362,0.730672,0.396024,0.993386,0.983241,0.678782,0.80846,0.231845,0.159941,0.108186,0.277764,0.640917,0.329816,0.523183
709,2,5,0.756995,0.726608,0.749527,0.509742,0.509874,0.403589,0.810821,0.404375,0.437078,0.226304,0.123881,0.017326,0.564442,0.574911,0.952301,0.212415,0.792994,0.208327,0.578701,0.125381,0.646806,0.189595,0.930562,0.0317892,0.428343,0.674231,0.331394,0.401397,0.977242,0.561525,0.863443,0.636958
710,4,1,0.463781,0.0682659,0.415078,0.417918,0.149096,0.245898,0.957819,0.476712,0.404312,0.920472,0.875329,0.723984,0.189356,0.66195,0.547871,0.441246,0.0239614,0.671112,0.76422,0.0323754,0.580914,0.586239,0.62559,0.553777,0.0517209,0.34664,0.211038,0.201514,0.0743309,0.807556,0.288914,0.0538621
711,4,3,0.566186,0.440522,0.61215,0.252555,0.549251,0.745452,0.273029,0.63419,0.244507,0.772535,0.13706,0.324679,0.849071,0.740519,0.616479,0.862303,0.186511,0.345275,0.177209,0.339896,0.873036,0.899951,0.742731,0.0497903,0.659399,0.350189,0.406864,0.118672,0.261976,0.0289806,0.979451,0.112869
712,2,2,0.301779,0.686956,0.847565,0.289282,0.758932,0.849675,0.297081,0.437616,0.426553,0.968228,0.185953,0.954156,0.111052,0.773276,0.722762,0.932405,0.267512,0.707096,0.820059,0.895583,0.995609,0.236474,0.0766198,0.34542,0.473035,0.75293,0.802063,0.424561,0.788951,0.837327,0.759997,0.877639
713,4,5,0.453853,0.823451,0.594968,0.154264,0.973941,0.334197,0.327547,0.517965,0.923144,0.226444,0.269357,0.579268,0.989074,0.578695,0.670264,0.206903,0.463511,0.795641,0.61339,0.631644,0.272531,0.31776,0.274174,0.232185,0.113555,0.87875,0.11405,0.835742,0.347672,0.229761,0.762855,0.0356052
714,3,2,0.102585,0.615509,0.852237,0.100882,0.601368,0.587358,0.960856,0.452183,0.670185,0.77455,0.175175,0.209085,0.473783,0.453157,0.648498,0.156244,0.0282647,0.957527,0.0149103,0.778738,0.129403,0.736722,0.251664,0.690207,0.429549,0.423336,0.48744,0.923282,0.138028,0.072917,0.673392,0.803259
715,5,2,0.294464,0.324028,0.0136599,0.51943,0.0776479,0.782655,0.391695,0.838535,0.153974,0.583732,0.37682,0.403035,0.628183,0.946502,0.547237,0.246521,0.231176,0.803095,0.343822,0.61205,0.614031,0.376895,0.860855,0.00136798,0.753213,0.446599,0.5534,0.27672,0.362293,0.104347,0.365051,0.0751586
716,3,1,0.0392436,0.614757,0.987983,0.837519,0.664375,0.183563,0.681138,0.424644,0.0379978,0.391956,0.605529,0.513394,0.484778,0.809587,0.105779,0.553645,0.277922,0.846655,0.890314,0.518552,0.549988,0.603847,0.413417,0.437383,0.0726822,0.823096,0.714122,0.923827,0.702851,0.639145,0.614044,0.820782
717,1,5,0.433784,0.906112,0.593271,0.188925,0.233395,0.25652,0.941259,0.0533301,0.588795,0.9654,0.311192,0.852011,0.44968,0.913185,0.805685,0.847216,0.161616,0.479531,0.292836,0.924082,0.679508,0.969473,0.315489,0.502567,0.792502,0.175625,0.130453,0.658623,0.762686,0.975438,0.0683517,0.872147
718,1,1,0.898224,0.933818,0.581339,0.893952,0.351827,0.776282,0.232595,0.718273,0.616886,0.264767,0.509002,0.62134,0.991598,0.521489,0.983216,0.861944,0.635025,0.491713,0.44287,0.127743,0.491141,0.00497249,0.682479,0.677873,0.101575,0.549908,0.328352,0.330963,0.0752722,0.168972,0.0733608,0.466715
719,5,1,0.485253,0.336108,0.784774,0.379212,0.485496,0.465619,0.335477,0.466621,0.082353,0.257006,0.550296,0.850211,0.271269,0.355543,0.614934,0.229587,0.977188,0.17581,0.111314,0.322578,0.212125,0.0675529,0.473095,0.0329075,0.968614,0.605142,0.77181,0.619147,0.898229,0.529588,0.333715,0.762285
720,2,3,0.102833,0.935973,0.0529729,0.0950651,0.855603,0.674023,0.927265,0.133397,0.0905854,0.879905,0.113427,0.510713,0.0331742,0.0822935,0.104508,0.616724,0.20942,0.00910994,0.970077,0.776022,0.66786,0.650585,0.778553,0.212625,0.776139,0.374751,0.535074,0.0078067,0.797489,0.693684,0.595808,0.322668
721,4,1,0.56111,0.956728,0.533509,0.299467,0.823453,0.990238,0.981727,0.632728,0.411043,0.242089,0.763391,0.436778,0.099763,0.740453,0.776831,0.446478,0.371417,0.0685076,0.0393902,0.168604,0.363246,0.791298,0.610643,0.648373,0.11925,0.569825,0.924034,0.167622,0.0776724,0.837757,0.930007,0.96074
722,3,3,0.329712,0.0780319,0.39075,0.884724,0.740809,0.815552,0.601471,0.617934,0.671643,0.944965,0.389165,0.646431,0.487813,0.215985,0.989868,0.728642,0.213923,0.64571,0.417856,0.985745,0.291823,0.213896,0.765112,0.597885,0.764013,0.780168,0.292445,0.338983,0.0813903,0.37968,0.0114327,0.887902
723,5,3,0.410338,0.624733,0.98839,0.889238,0.469802,0.209827,0.256418,0.981877,0.891229,0.701954,0.491068,0.496122,0.599176,0.430921,0.0956687,0.954365,0.382916,0.205725,0.944224,0.311683,0.589505,0.307793,0.344502,0.289006,0.625667,0.468538,0.910411,0.989179,0.273991,0.888787,0.505117,0.32795
724,2,1,0.172396,0.669481,0.719664,0.0171517,0.614481,0.820154,0.679675,0.879798,0.35122,0.8572,0.313879,0.375054,0.68421,0.462,0.215543,0.0123883,0.419655,0.399395,0.188175,0.460427,0.00830484,0.906974,0.970057,0.893988,0.431703,0.966097,0.96935,0.885105,0.140324,0.00820071,0.587367,0.641461
725,2,5,0.790074,0.272594,0.783703,0.578308,0.112607,0.700614,0.912064,0.654632,0.19463,0.0490584,0.612977,0.103604,0.985634,0.128587,0.882397,0.0914144,0.956564,0.178234,0.342599,0.688488,0.105576,0.830837,0.188347,0.408814,0.500495,0.692782,0.79323,0.200016,0.150154,0.97328,0.659732,0.349998
726,1,3,0.341202,0.945366,0.661918,0.864714,0.466999,0.0670677,0.812033,0.650307,0.155919,0.120091,0.789948,0.005663,0.0642352,0.0517834,0.194054,0.916149,0.65615,0.908464,0.854926,0.225824,0.25268,0.547061,0.327192,0.955028,0.537121,0.496706,0.211573,0.393578,0.811156,0.483249,0.773637,0.790216
727,4,5,0.46383,0.783278,0.774828,0.431697,0.33733,0.252006,0.633107,0.326473,0.0502131,0.0778235,0.608689,0.497381,0.152653,0.148111,0.830583,0.811547,0.355449,0.420591,0.281554,0.765002,0.840889,0.95446,0.050144,0.849478,0.396609,0.951464,0.370004,0.567937,0.2848,0.165324,0.911754,0.935396
728,4,4,0.0639232,0.864413,0.714687,0.693274,0.527299,0.624916,0.900868,0.0147239,0.312946,0.748054,0.574162,0.0915351,0.500755,0.259751,0.489561,0.55149,0.456105,0.451733,0.205629,0.0157744,0.75571,0.823985,0.451336,0.878801,0.958516,0.681873,0.260808,0.541068,0.682744,0.960738,0.940717,0.119956
729,5,1,0.871273,0.128361,0.827481,0.381845,0.360118,0.585485,0.600124,0.737088,0.156261,0.0037161,0.535526,0.260598,0.230422,0.5382,0.743737,0.532874,0.528058,0.637626,0.411227,0.303854,0.268797,0.540529,0.998698,0.189787,0.0717105,0.186872,0.0435607,0.576564,0.217257,0.685473,0.971072,0.1204
730,3,3,0.654928,0.565303,0.880107,0.270096,0.213962,0.392399,0.972042,0.400748,0.142785,0.178553,0.101125,0.00131464,0.112212,0.853152,0.573128,0.715002,0.780974,0.690539,0.366667,0.546505,0.977896,0.70097,0.43442,0.935688,0.150449,0.665674,0.465967,0.265091,0.679037,0.57056,0.832226,0.442324
731,2,4,0.593607,0.51761,0.267345,0.858775,0.645917,0.6518,0.985972,0.188758,0.0490536,0.0630168,0.886531,0.424364,0.562283,0.0156106,0.252099,0.318297,0.95489,0.368021,0.483354,0.375589,0.33169,0.97935,0.181498,0.303901,0.244452,0.265227,0.832849,0.129381,0.61441,0.511009,0.913246,0.153674
732,1,5,0.121139,0.15516,0.00608753,0.576673,0.507862,0.826269,0.998307,0.0425246,0.694965,0.419747,0.308395,0.461049,0.876859,0.791072,0.781722,0.467916,0.0154152,0.567536,0.81686,0.791204,0.300527,0.559758,0.149673,0.358299,0.226331,0.0858423,0.46858,0.729916,0.424868,0.871138,0.288887,0.970065
733,2,1,0.762231,0.797418,0.99011,0.643472,0.777792,0.78146,0.295937,0.432084,0.244809,0.594776,0.217666,0.3487,0.136695,0.326709,0.551331,0.756692,0.6054,0.453933,0.705503,0.212161,0.680213,0.201938,0.292333,0.859172,0.330311,0.67776,0.681515,0.546046,0.349448,0.400939,0.212623,0.430817
734,1,5,0.272084,0.45491,0.0883127,0.795455,0.830139,0.387986,0.853111,0.383581,0.21975,0.0157166,0.0647722,0.457835,0.738827,0.0253377,0.211529,0.570349,0.393435,0.506783,0.0641352,0.840008,0.22627,0.581781,0.792902,0.323427,0.804396,0.516231,0.207085,0.699706,0.335914,0.0939638,0.134238,0.621074
735,5,2,0.992172,0.29913,0.655594,0.626625,0.542096,0.821329,0.765499,0.511806,0.840077,0.71798,0.806715,0.31101,0.0165394,0.306058,0.186808,0.667584,0.654905,0.705409,0.375759,0.93701,0.982483,0.224839,0.665405,0.468218,0.956549,0.250513,0.201446,0.0800922,0.863957,0.403231,0.321352,0.374081
736,4,2,0.157689,0.296995,0.51634,0.360412,0.792845,0.988838,0.432642,0.782958,0.468084,0.0714012,0.986356,0.872413,0.425308,0.633303,0.604072,0.890594,0.0545397,0.34171,0.84221,0.464519,0.648168,0.896227,0.40402,0.272573,0.0161695,0.915501,0.591669,0.8285,0.0126578,0.980558,0.00120362,0.324258
737,1,4,0.189017,0.330867,0.191888,0.95465,0.653272,0.333073,0.0536972,0.565212,0.313406,0.403679,0.149432,0.39622,0.580176,0.193379,0.661765,0.53708,0.721136,0.849404,0.255231,0.049485,0.0892498,0.889227,0.0786837,0.665473,0.426152,0.616738,0.945844,0.6259,0.217729,0.29627,0.256742,0.415145
738,4,4,0.60557,0.306381,0.679873,0.47002,0.642931,0.0196323,0.86113,0.733558,0.486426,0.417702,0.134457,0.525359,0.289405,0.114689,0.66243,0.991714,0.613122,0.302468,0.531003,0.63499,0.682964,0.581236,0.637391,0.785092,0.881325,0.293837,0.586016,0.755927,0.778601,0.382502,0.248707,0.411161
739,1,1,0.902194,0.784286,0.385732,0.666867,0.779104,0.89988,0.724789,0.285159,0.0595262,0.900617,0.581508,0.130864,0.130189,0.65953,0.967319,0.547631,0.811408,0.494636,0.109724,0.310912,0.121752,0.503733,0.594474,0.161773,0.344889,0.369321,0.0349059,0.0986809,0.541642,0.571847,0.387845,0.0957679
740,4,3,0.80192,0.0854668,0.915077,0.381311,0.756594,0.841958,0.822422,0.906896,0.216491,0.0718895,0.263573,0.63455,0.208528,0.684385,0.765063,0.53377,0.947917,0.666985,0.716837,0.233691,0.881467,0.489644,0.638699,0.390876,0.38766,0.089708,0.425762,0.625556,0.0753214,0.495215,0.0314572,0.275174
741,2,4,0.438429,0.775298,0.552215,0.801658,0.557661,0.649526,0.277376,0.467748,0.475893,0.57575,0.47076,0.385015,0.388427,0.126556,0.820675,0.385621,0.451164,0.530333,0.603645,0.598834,0.89552,0.935801,0.866234,0.777333,0.890422,0.151993,0.270005,0.174182,0.0349825,0.100495,0.261067,0.738182
742,3,2,0.90936,0.986363,0.649243,0.522023,0.081704,0.826415,0.135379,0.57644,0.155676,0.874087,0.630422,0.721021,0.735414,0.642884,0.859644,0.565123,0.940637,0.722971,0.201705,0.419654,0.309772,0.0965766,0.240323,0.0399861,0.358762,0.479024,0.914665,0.599292,0.575113,0.078849,0.738192,0.286904
743,2,2,0.0288579,0.562796,0.0641955,0.278482,0.537923,0.0956486,0.718789,0.164857,0.215331,0.173948,0.72191,0.842695,0.810666,0.28432,0.411897,0.714692,0.746419,0.567839,0.40403,0.977039,0.678351,0.272823,0.763997,0.158373,0.991927,0.0520378,0.345397,0.24096,0.411041,0.684071,0.16562,0.0852582
744,3,5,0.693395,0.855308,0.917046,0.582953,0.394605,0.0695215,0.179844,0.0476831,0.2851,0.0611229,0.455052,0.941875,0.29065,0.849871,0.233579,0.84494,0.735985,0.924217,0.00784492,0.505255,0.539231,0.247345,0.793767,0.401348,0.266228,0.718864,0.603292,0.876033,0.6689,0.435091,0.655025,0.535381
745,4,3,0.346578,0.107499,0.835924,0.862299,0.758446,0.159307,0.321255,0.483861,0.103019,0.218423,0.0718075,0.602948,0.094276,0.558573,0.582869,0.380007,0.0516622,0.863304,0.336927,0.659813,0.7532,0.721205,0.294348,0.15066,0.763308,0.883166,0.745467,0.16704,0.245827,0.222785,0.728822,0.128055
746,5,2,0.397454,0.887709,0.21042,0.252448,0.521271,0.373753,0.921398,0.846066,0.639617,0.617815,0.172922,0.751616,0.682757,0.214,0.427203,0.71649,0.591529,0.227611,0.734064,0.987314,0.514947,0.559886,0.813984,0.695639,0.722156,0.118402,0.615073,0.250656,0.150793,0.139741,0.835949,0.390171
747,1,4,0.136965,0.732922,0.488241,0.108709,0.258889,0.752059,0.754523,0.0457048,0.72163,0.202018,0.140885,0.791965,0.877027,0.742777,0.180973,0.476326,0.797259,0.0499827,0.45698,0.609894,0.328272,0.406724,0.158239,0.316528,0.167614,0.640411,0.661891,0.436615,0.55043,0.0924211,0.122085,0.91595
748,4,4,0.0723106,0.0563782,0.743767,0.525064,0.711882,0.0833776,0.058431,0.83729,0.56027,0.613014,0.0846762,0.172449,0.903746,0.0207413,0.907117,0.031581,0.698233,0.507365,0.926189,0.734373,0.811453,0.12084,0.828539,0.221284,0.569708,0.32726,0.306059,0.218077,0.217799,0.391337,0.3272,0.559615
749,2,1,0.172657,0.963775,0.25864,0.930844,0.468061,0.570127,0.23305,0.73415,0.588644,0.950872,0.923176,0.0834719,0.748089,0.00563476,0.666427,0.0297998,0.582721,0.563349,0.487948,0.762833,0.186564,0.367075,0.89471,0.545239,0.248536,0.516366,0.0913089,0.0947709,0.750015,0.321588,0.175616,0.0194352
750,4,2,0.0282849,0.811858,0.137068,0.829413,0.173204,0.801946,0.0544101,0.726819,0.656657,0.793313,0.837008,0.670982,0.373315,0.669833,0.874576,0.667362,0.213347,0.514043,0.32539,0.363347,0.150737,0.730195,0.620559,0.298646,0.41987,0.542902,0.613283,0.433356,0.761675,0.276622,0.545703,0.97469
751,2,1,0.93525,0.309293,0.299064,0.161588,0.359164,0.822981,0.717703,0.586589,0.611306,0.613039,0.178533,0.820561,0.376147,0.34292,0.467838,0.193633,0.41939,0.198405,0.178275,0.73262,0.92443,0.614115,0.762319,0.206339,0.481356,0.145065,0.680061,0.120687,0.897283,0.627799,0.136174,0.000118648
752,3,3,0.542701,0.389553,0.79901,0.69135,0.0362549,0.695039,0.984018,0.430118,0.454907,0.691074,0.359231,0.521096,0.292724,0.976931,0.174357,0.16246,0.791574,0.600667,0.955414,0.491239,0.413645,0.194466,0.952421,0.74999,0.823798,0.275508,0.481051,0.38171,0.674026,0.374831,0.434984,0.244204
753,5,2,0.0580463,0.473346,0.696263,0.744222,0.0528246,0.765069,0.817085,0.158556,0.824947,0.592772,0.237077,0.896198,0.323663,0.108787,0.48131,0.472914,0.596663,0.750353,0.287354,0.611491,0.592486,0.100586,0.297787,0.396606,0.0554907,0.50724,0.00252754,0.995846,0.101151,0.178608,0.792251,0.982424
754,2,3,0.426966,0.20032,0.512684,0.414109,0.146848,0.613995,0.551031,0.213497,0.144655,0.291439,0.611214,0.854546,0.933259,0.999009,0.195699,0.318173,0.764564,0.148857,0.0235024,0.793171,0.375497,0.600456,0.110749,0.100401,0.352475,0.946772,0.173537,0.0780495,0.373305,0.625356,0.417523,0.423937
755,3,4,0.656622,0.213214,0.918852,0.68811,0.400595,0.95972,0.192343,0.458426,0.270723,0.522958,0.854001,0.239812,0.57164,0.891868,0.455011,0.971174,0.149637,0.786297,0.449727,0.542773,0.278492,0.956797,0.943163,0.15385,0.88407,0.478491,0.0839025,0.537606,0.516653,0.491916,0.225058,0.802418
756,3,5,0.876848,0.126658,0.527515,0.346451,0.334215,0.339077,0.207888,0.565632,0.800325,0.291458,0.624518,0.117272,0.468065,0.653683,0.217484,0.851037,0.334246,0.931608,0.959843,0.972578,0.52009,0.781117,0.400699,0.139702,0.521422,0.853112,0.778988,0.39996,0.340109,0.729911,0.178706,0.531268
757,1,2,0.665204,0.425506,0.712718,0.0617938,0.881988,0.556824,0.371174,0.171291,0.0753549,0.965518,0.958349,0.526963,0.435012,0.553559,0.623258,0.907266,0.666305,0.624585,0.546514,0.302729,0.205258,0.296095,0.755143,0.501579,0.803752,0.866608,0.552976,0.794729,0.488561,0.962741,0.113938,0.0718861
758,1,1,0.339565,0.0802077,0.310846,0.751079,0.953656,0.140834,0.783623,0.0998863,0.659924,0.561672,0.517648,0.411485,0.167368,0.715101,0.978457,0.487015,0.375041,0.425335,0.106926,0.4255,0.493799,0.871876,0.873998,0.395226,0.887291,0.333397,0.0109659,0.338535,0.886296,0.196601,0.271484,0.860689
759,3,4,0.84779,0.908611,0.863867,0.283468,0.596231,0.899427,0.574434,0.790821,0.81312,0.581988,0.78631,0.66947,0.890105,0.325844,0.552747,0.574229,0.967647,0.292403,0.996147,0.402273,0.116545,0.764663,0.849544,0.243933,0.499822,0.838846,0.387566,0.375883,0.613072,0.53217,0.0559656,0.941961
760,3,4,0.870891,0.645604,0.213462,0.711608,0.42639,0.918111,0.939481,0.248514,0.428564,0.613241,0.358368,0.400394,0.440537,0.0118553,0.519453,0.125301,0.631991,0.324992,0.800693,0.565,0.452102,0.881475,0.817481,0.791114,0.533721,0.553334,0.338481,0.0738704,0.657951,0.285906,0.717722,0.366709
761,2,3,0.056615,0.0649236,0.169883,0.530194,0.285298,0.901465,0.282626,0.705433,0.673421,0.797077,0.0183487,0.681676,0.755682,0.206589,0.265342,0.110484,0.310022,0.829491,0.52791,0.695504,0.215926,0.575062,0.884471,0.189283,0.0853688,0.603345,0.444382,0.0313218,0.849422,0.118839,0.615844,0.31189
762,3,1,0.42076,0.120564,0.706694,0.11994,0.973261,0.725894,0.893139,0.569719,0.342433,0.533742,0.998198,0.452435,0.00350466,0.976543,0.0276298,0.0498003,0.82384,0.180627,0.199463,0.647508,0.0607693,0.136366,0.237148,0.589381,0.4261,0.567761,0.730566,0.971005,0.624336,0.883386,0.237621,0.945553
763,1,1,0.926214,0.868148,0.815008,0.129091,0.32319,0.632932,0.982265,0.720078,0.70862,0.160854,0.0624494,0.632659,0.0351607,0.0524605,0.168408,0.293266,0.727856,0.921158,0.183739,0.171731,0.511487,0.06527,0.0932601,0.443678,0.920886,0.850618,0.343961,0.0766724,0.908132,0.355535,0.944876,0.899775
764,1,2,0.464135,0.310668,0.0246561,0.778421,0.908693,0.543211,0.518408,0.832333,0.074944,0.111595,0.110277,0.920554,0.383509,0.934912,0.940234,0.155313,0.692909,0.0338755,0.867619,0.989841,0.366457,0.482252,0.0432137,0.572075,0.974318,0.615905,0.017173,0.789668,0.947652,0.811988,0.368677,0.193925
765,5,4,0.689157,0.876833,0.98054,0.819518,0.965626,0.617619,0.160937,0.994699,0.181248,0.735184,0.565539,0.215837,0.637305,0.846644,0.739418,0.414733,0.18105,0.0361527,0.959007,0.321421,0.638739,0.763551,0.847047,0.960206,0.540066,0.276136,0.414277,0.246516,0.977183,0.563617,0.582121,0.811684
766,4,3,0.953292,0.559959,0.675355,0.63139,0.548939,0.242099,0.00351085,0.432574,0.0400196,0.255366,0.200851,0.884418,0.186008,0.112555,0.254759,0.679741,0.304935,0.260283,0.360065,0.475577,0.420538,0.299413,0.0988663,0.323245,0.0423619,0.260393,0.673944,0.752793,0.537335,0.365716,0.444144,0.726357
767,3,4,0.827679,0.547246,0.427693,0.543287,0.641119,0.975852,0.953572,0.367062,0.839625,0.207684,0.426001,0.911792,0.644717,0.174839,0.177071,0.834423,0.560522,0.150215,0.981328,0.658724,0.518315,0.150541,0.927638,0.923086,0.407335,0.565008,0.998845,0.329274,0.57922,0.140323,0.042269,0.371192
768,1,5,0.274573,0.384951,0.0324813,0.246094,0.820853,0.577409,0.27573,0.417822,0.796549,0.165806,0.288218,0.153988,0.194326,0.707462,0.973936,0.974672,0.361645,0.233094,0.601376,0.773149,0.609981,0.0876067,0.560474,0.381576,0.914696,0.506688,0.674441,0.268747,0.403733,0.529578,0.86238,0.882614
769,3,2,0.544237,0.100557,0.95055,0.271846,0.625398,0.979134,0.816968,0.270418,0.653561,0.692707,0.839371,0.253454,0.944488,0.356366,0.272922,0.191279,0.169661,0.8563,0.483991,0.882649,0.701862,0.296913,0.227191,0.82359,0.00410145,0.358242,0.342935,0.0990194,0.968859,0.758076,0.694967,0.596446
770,2,1,0.192576,0.253,0.35609,0.975623,0.169839,0.862501,0.106306,0.809798,0.906742,0.128018,0.99765,0.755187,0.164114,0.21454,0.0545226,0.977389,0.329731,0.0520892,0.461659,0.352138,0.204821,0.428648,0.301425,0.824203,0.200871,0.766223,0.774261,0.374992,0.712578,0.56556,0.634952,0.835595
771,3,3,0.909041,0.802178,0.969533,0.946896,0.173639,0.0320645,0.223013,0.045581,0.525631,0.344514,0.0912506,0.0877696,0.436448,0.479276,0.581791,0.728711,0.522074,0.566899,0.330909,0.196432,0.542446,0.654811,0.958801,0.684855,0.206017,0.932446,0.654831,0.146797,0.0433967,0.692336,0.0664164,0.911427
772,5,3,0.104939,0.3618,0.0223468,0.17075,0.171513,0.866787,0.564849,0.394246,0.703341,0.924882,0.202479,0.847758,0.668259,0.37664,0.182476,0.573914,0.613457,0.027174,0.41196,0.263221,0.6538,0.710273,0.995053,0.677911,0.937817,0.353369,0.00428175,0.808608,0.885439,0.235836,0.0664908,0.461271
773,1,2,0.281826,0.340817,0.382035,0.954666,0.0916382,0.696684,0.112273,0.539199,0.726741,0.510515,0.944332,0.159296,0.610748,0.372187,0.71585,0.672773,0.76197,0.92457,0.262814,0.816464,0.0452296,0.30039,0.00187274,0.433957,0.350649,0.0829175,0.241464,0.102172,0.0623177,0.47023,0.179528,0.530219
774,2,2,0.914878,0.642783,0.140267,0.703381,0.537648,0.299116,0.593106,0.758425,0.543489,0.205605,0.0990564,0.544251,0.318798,0.804281,0.0512703,0.537009,0.39567,0.907963,0.188599,0.0585012,0.561633,0.588314,0.692808,0.561755,0.53212,0.660353,0.434237,0.833407,0.387333,0.725853,0.841692,0.790283
775,2,2,0.734218,0.387497,0.757482,0.626777,0.4192,0.553461,0.297301,0.961104,0.470541,0.186834,0.0932139,0.351278,0.04593,0.572755,0.111603,0.867964,0.187145,0.929349,0.504177,0.336036,0.849137,0.0671085,0.235642,0.42162,0.935162,0.394344,0.954908,0.986487,0.958905,0.431061,0.837563,0.305723
776,1,5,0.0726839,0.396926,0.568819,0.82154,0.558681,0.0810149,0.849976,0.316507,0.995991,0.966318,0.508157,0.153103,0.345204,0.742601,0.185902,0.356394,0.00479983,0.581786,0.509114,0.099548,0.555519,0.306412,0.824938,0.500865,0.504577,0.231701,0.916468,0.54187,0.628083,0.219759,0.840336,0.650101
777,2,2,0.855336,0.0854886,0.675144,0.216616,0.170233,0.844423,0.189764,0.631553,0.926501,0.0787089,0.0322154,0.48635,0.462535,0.209759,0.313475,0.199096,0.665077,0.940645,0.839629,0.761542,0.360378,0.696231,0.426902,0.238929,0.981918,0.118573,0.783917,0.870833,0.897204,0.00587957,0.438762,0.388096
778,1,2,0.411863,0.570376,0.716092,0.250508,0.10943,0.311205,0.270469,0.85004,0.0466359,0.603189,0.432348,0.145683,0.827446,0.726472,0.0246637,0.207459,0.675324,0.433005,0.932496,0.646607,0.236928,0.27193,0.693635,0.384107,0.975102,0.73415,0.962278,0.937911,0.234929,0.529245,0.100331,0.00997097
779,1,1,0.702036,0.398634,0.725759,0.339174,0.674237,0.436269,0.336078,0.632666,0.169777,0.121128,0.580761,0.272631,0.48368,0.507648,0.728834,0.315573,0.44136,0.991085,0.33864,0.431431,0.293479,0.869799,0.21147,0.89651,0.265746,0.836007,0.0948304,0.0468982,0.346857,0.947747,0.0365698,0.128743
780,3,4,0.74677,0.41437,0.325469,0.194634,0.668237,0.184197,0.716884,0.28782,0.581185,0.248406,0.958698,0.684795,0.0214399,0.186777,0.738653,0.543118,0.958787,0.986427,0.862272,0.432382,0.167893,0.641873,0.32682,0.969372,0.172452,0.137639,0.601308,0.418607,0.712188,0.850192,0.317074,0.932306
781,1,1,0.690921,0.143421,0.42134,0.901472,0.854016,0.174447,0.77155,0.352878,0.0646655,0.375508,0.621125,0.447292,0.235326,0.790166,0.557518,0.802144,0.956888,0.719655,0.879062,0.0221287,0.404516,0.564845,0.291514,0.747493,0.234406,0.444625,0.532515,0.944936,0.114248,0.823811,0.549275,0.638155
782,2,4,0.32385,0.652346,0.219934,0.91158,0.971219,0.379445,0.727242,0.838133,0.349653,0.313161,0.0928451,0.570103,0.516801,0.648424,0.213448,0.677995,0.53643,0.882549,0.835362,0.234622,0.615793,0.26237,0.633788,0.704041,0.54103,0.177194,0.927266,0.46427,0.931903,0.0200344,0.512723,0.140979
783,2,4,0.459587,0.747462,0.186558,0.115319,0.636344,0.22771,0.500092,0.0989045,0.1033,0.433413,0.197648,0.126116,0.479632,0.437296,0.887589,0.732098,0.566391,0.683389,0.681535,0.28046,0.339029,0.673763,0.571411,0.927712,0.44738,0.347524,0.65913,0.329119,0.0505756,0.571439,0.4933,0.245502
784,3,5,0.326185,0.832262,0.960917,0.459319,0.182695,0.679507,0.311245,0.651885,0.509893,0.0386656,0.863027,0.183416,0.41667,0.89353,0.743865,0.938892,0.856374,0.78044,0.310016,0.921248,0.39275,0.306149,0.356556,0.247711,0.832856,0.3843,0.0443469,0.055342,0.308421,0.809872,0.679409,0.984176
785,2,3,0.436289,0.554975,0.539948,0.295282,0.197585,0.197698,0.430717,0.364063,0.501703,0.66697,0.901189,0.447062,0.260835,0.93406,0.867828,0.85422,0.644241,0.102401,0.0203408,0.131525,0.724631,0.676239,0.0355519,0.230768,0.997381,0.79103,0.872637,0.591358,0.297344,0.229831,0.257411,0.478687
786,4,5,0.356167,0.873159,0.372338,0.0321625,0.318277,0.895844,0.621133,0.652083,0.164264,0.737538,0.845981,0.00260746,0.812402,0.628239,0.476483,0.588486,0.85273,0.537206,0.247145,0.785867,0.0175655,0.555871,0.619208,0.857097,0.457909,0.232631,0.567165,0.805983,0.899339,0.179313,0.969926,0.813118
787,1,3,0.764056,0.335694,0.0838084,0.529886,0.160716,0.658329,0.733205,0.0794717,0.431365,0.494081,0.445965,0.360585,0.308608,0.872456,0.607356,0.87668,0.185165,0.70078,0.626916,0.655724,0.173799,0.733688,0.063826,0.365987,0.330358,0.404519,0.23114,0.553705,0.888992,0.938028,0.0549535,0.724
788,1,4,0.54872,0.770413,0.481067,0.37089,0.045852,0.730467,0.00725243,0.410676,0.988068,0.279661,0.658835,0.609724,0.365406,0.686878,0.470432,0.459294,0.26655,0.565501,0.344874,0.694066,0.649044,0.76771,0.882812,0.895571,0.18413,0.354544,0.840361,0.951477,0.121557,0.63728,0.214992,0.787702
789,2,3,0.140812,0.205572,0.917303,0.0714384,0.459439,0.726286,0.0776659,0.511053,0.959727,0.702213,0.878992,0.476843,0.754683,0.312235,0.933473,0.285018,0.220129,0.730532,0.836369,0.27678,0.689991,0.714677,0.869759,0.38396,0.796912,0.770898,0.346495,0.14281,0.774399,0.20498,0.262456,0.685912
790,2,5,0.107906,0.203878,0.935077,0.902827,0.291003,0.275944,0.520622,0.421071,0.391333,0.202288,0.959928,0.388028,0.335049,0.491647,0.778546,0.295247,0.855416,0.769094,0.435607,0.393933,0.378172,0.72951,0.747746,0.207072,0.912896,0.377035,0.754932,0.00805829,0.227126,0.758638,0.888308,0.625887
791,4,2,0.576229,0.455611,0.831436,0.799741,0.188395,0.647583,0.78451,0.00361293,0.596163,0.253694,0.893342,0.493891,0.17197,0.618687,0.420682,0.0655909,0.832843,0.70508,0.0192317,0.543536,0.112201,0.525779,0.990565,0.292046,0.280394,0.594823,0.975543,0.0274929,0.182532,0.0647003,0.361094,0.73387
792,4,1,0.657778,0.346967,0.581122,0.208385,0.529899,0.445621,0.84344,0.0519934,0.234949,0.300363,0.442471,0.527124,0.155452,0.465632,0.595942,0.99967,0.250544,0.388765,0.333842,0.386999,0.471251,0.503582,0.0267706,0.190303,0.0919379,0.876304,0.685929,0.572268,0.42897,0.192108,0.86479,0.793442
793,1,5,0.00810094,0.982564,0.616712,0.865149,0.0937249,0.579639,0.780933,0.111296,0.991508,0.215273,0.531199,0.279435,0.682779,0.241032,0.237314,0.49752,0.437598,0.94456,0.856095,0.444173,0.167423,0.661565,0.265536,0.688583,0.445434,0.871581,0.712249,0.0338213,0.375884,0.40433,0.927732,0.784735
794,1,3,0.370804,0.927333,0.708954,0.702794,0.225987,0.245154,0.656413,0.505666,0.164217,0.0323453,0.0559803,0.646928,0.121016,0.554295,0.929985,0.666836,0.551751,0.930141,0.796346,0.687277,0.332655,0.32045,0.592659,0.198737,0.494952,0.854636,0.945738,0.194332,0.747575,0.16161,0.730543,0.206612
795,3,1,0.54967,0.124187,0.466991,0.938118,0.927842,0.966254,0.257342,0.973802,0.269833,0.0391248,0.411346,0.946198,0.24337,0.997415,0.129184,0.942429,0.857415,0.670939,0.558277,0.70123,0.861363,0.122253,0.831135,0.874297,0.282042,0.0596396,0.547737,0.317731,0.0832177,0.991152,0.915252,0.422328
796,5,5,0.393676,0.969295,0.302755,0.98414,0.460664,0.187043,0.251759,0.864804,0.374852,0.390423,0.799947,0.381368,0.834256,0.262698,0.304182,0.0447103,0.469014,0.268009,0.87382,0.0537769,0.0526733,0.924372,0.889145,0.661721,0.219184,0.886623,0.678539,0.717291,0.582552,0.131287,0.552941,0.940582
797,3,5,0.101572,0.348076,0.347028,0.111533,0.538253,0.704155,0.811289,0.728361,0.216443,0.896829,0.80293,0.0526558,0.399638,0.141704,0.188914,0.598249,0.758986,0.619132,0.0908989,0.0336097,0.514767,0.396932,0.0638758,0.584162,0.356418,0.737911,0.601077,0.316151,0.556116,0.483903,0.404655,0.814055
798,2,4,0.22677,0.230315,0.455883,0.253042,0.953255,0.939818,0.850453,0.395911,0.145233,0.718348,0.0297808,0.612265,0.933524,0.285588,0.52675,0.653562,0.537838,0.655566,0.780718,0.592443,0.314689,0.0996608,0.481908,0.995172,0.968663,0.400416,0.672149,0.638251,0.153745,0.885762,0.133227,0.423288
799,5,4,0.766712,0.971824,0.295377,0.358935,0.0213888,0.40527,0.944174,0.905576,0.169713,0.159643,0.00955819,0.0285948,0.237132,0.908889,0.235029,0.821592,0.422005,0.972583,0.92039,0.0582378,0.879185,0.156177,0.456895,0.105313,0.4109,0.683416,0.555009,0.60601,0.243454,0.359335,0.052185,0.0574235
800,1,5,0.186699,0.57012,0.198401,0.112903,0.47246,0.90891,0.491613,0.19895,0.0184342,0.743509,0.147955,0.885076,0.378155,0.579475,0.683731,0.246849,0.228418,0.309249,0.423014,0.885748,0.557345,0.298257,0.888592,0.74619,0.32607,0.990165,0.133558,0.999817,0.489272,0.53348,0.746722,0.826556
801,4,5,0.424683,0.374673,0.0177851,0.25241,0.0335592,0.114233,0.482953,0.1409,0.298197,0.853556,0.845107,0.588723,0.602154,0.873709,0.453933,0.789455,0.407935,0.673745,0.497245,0.609312,0.0404388,0.0483389,0.892793,0.872275,0.998303,0.417842,0.181487,0.559787,0.120383,0.0219535,0.143577,0.936073
802,3,1,0.661441,0.543278,0.847924,0.577312,0.751826,0.705017,0.44969,0.264695,0.612855,0.221916,0.688285,0.674023,0.512736,0.104422,0.475651,0.454062,0.645097,0.49276,0.557475,0.381337,0.643942,0.185268,0.612855,0.355316,0.719197,0.337557,0.642803,0.499266,0.519742,0.674681,0.681797,0.968235
803,2,1,0.241671,0.873017,0.00141822,0.284178,0.559964,0.591373,0.590655,0.546737,0.972049,0.556948,0.361478,0.723359,0.394133,0.381688,0.2018,0.3191,0.0705343,0.852835,0.772804,0.220095,0.249681,0.180246,0.608905,0.0156074,0.687773,0.210578,0.471237,0.518531,0.876352,0.538509,0.443795,0.25442
804,4,2,0.896016,0.744641,0.861564,0.757975,0.16404,0.997836,0.025961,0.90003,0.0899855,0.926062,0.286547,0.798204,0.97226,0.615503,0.558516,0.128546,0.373262,0.622313,0.888716,0.0559559,0.453136,0.885299,0.315239,0.481821,0.94122,0.697473,0.849518,0.0522437,0.843668,0.534248,0.512285,0.301263
805,4,5,0.179353,0.389656,0.573223,0.000639459,0.983846,0.466661,0.290958,0.486567,0.794352,0.863131,0.490478,0.448526,0.0398057,0.363556,0.763019,0.994747,0.168569,0.571213,0.631474,0.472613,0.0856642,0.495936,0.946867,0.809181,0.291724,0.340676,0.226465,0.38916,0.129136,0.755873,0.946002,0.0729837
806,2,5,0.741661,0.430203,0.499405,0.581293,0.474728,0.757476,0.110021,0.266052,0.559841,0.890314,0.246916,0.979225,0.977145,0.494274,0.796581,0.936937,0.412992,0.00112863,0.151341,0.894238,0.785332,0.311045,0.122054,0.311495,0.189334,0.228089,0.211521,0.317014,0.556891,0.213485,0.787057,0.905869
807,1,3,0.0846698,0.102211,0.464538,0.142858,0.74811,0.862019,0.221664,0.398938,0.219925,0.169272,0.947227,0.510669,0.954154,0.416668,0.990466,0.219162,0.80766,0.720752,0.188184,0.631289,0.211982,0.0996616,0.340225,0.925387,0.318133,0.55847,0.956528,0.250204,0.789074,0.206292,0.724009,0.135948
808,2,4,0.909526,0.135541,0.82787,0.415816,0.163642,0.14877,0.87117,0.656808,0.272248,0.785242,0.0808697,0.549523,0.656822,0.680057,0.653805,0.938379,0.094932,0.638372,0.318852,0.364158,0.992814,0.44948,0.678427,0.860525,0.730075,0.13072,0.212917,0.325737,0.0787821,0.57728,0.276902,0.67639
809,1,2,0.234544,0.318207,0.192754,0.145859,0.574756,0.954839,0.328103,0.0763922,0.820345,0.0958054,0.183947,0.494943,0.464627,0.819271,0.0136578,0.774504,0.481682,0.937699,0.0558382,0.141603,0.977724,0.375727,0.790592,0.282142,0.490111,0.86087,0.0865874,0.488355,0.592445,0.0268479,0.758764,0.707964
810,4,4,0.568208,0.531147,0.814211,0.893787,0.768248,0.256738,0.802992,0.240265,0.879323,0.263193,0.937682,0.338108,0.405521,0.107354,0.568769,0.69722,0.79066,0.207399,0.69714,0.926146,0.99552,0.215686,0.0136777,0.255642,0.355133,0.29702,0.281028,0.768538,0.262316,0.427606,0.22253,0.819335
811,3,3,0.0847595,0.92949,0.741609,0.756604,0.693426,0.0519112,0.250804,0.837281,0.252834,0.938073,0.628861,0.993689,0.762171,0.125268,0.876486,0.613273,0.85214,0.199459,0.964883,0.26251,0.581385,0.745584,0.908656,0.977668,0.808513,0.594855,0.894668,0.850584,0.0116266,0.0088838,0.965903,0.0366316
812,1,2,0.798183,0.388983,0.127204,0.889758,0.395941,0.301982,0.271461,0.432051,0.291659,0.527909,0.123256,0.273039,0.805764,0.908495,0.00924231,0.464534,0.312505,0.424156,0.174411,0.849753,0.589039,0.311978,0.254252,0.817465,0.258998,0.122273,0.488338,0.182789,0.652689,0.950842,0.121305,0.842448
813,5,4,0.247175,0.638456,0.973748,0.94297,0.397153,0.211859,0.59899,0.0590105,0.241543,0.537468,0.49046,0.142597,0.0741192,0.187319,0.0347421,0.891539,0.468734,0.00740346,0.398659,0.81682,0.13688,0.516951,0.687601,0.559294,0.992903,0.671768,0.395647,0.431445,0.624559,0.115612,0.962976,0.10282
814,2,1,0.463552,0.221035,0.737489,0.0281017,0.128135,0.979614,0.512104,0.980392,0.27906,0.378141,0.161164,0.0255238,0.426281,0.727265,0.131015,0.831012,0.698985,0.125014,0.45624,0.135459,0.531145,0.822224,0.146376,0.921907,0.139772,0.790755,0.583415,0.200745,0.98501,0.411521,0.0962506,0.600842
815,2,3,0.869459,0.210602,0.072272,0.282886,0.875886,0.509513,0.524286,0.510805,0.408267,0.814295,0.309681,0.75301,0.297117,0.913736,0.305803,0.832902,0.884803,0.253878,0.723795,0.331297,0.669723,0.500423,0.798749,0.0142711,0.257115,0.903902,0.618043,0.0443442,0.460066,0.322441,0.782442,0.569175
816,2,1,0.643179,0.65446,0.882212,0.52752,0.40215,0.229001,0.0666221,0.201078,0.516051,0.907247,0.345972,0.263967,0.672225,0.280977,0.951033,0.412953,0.485608,0.139438,0.46619,0.507273,0.654585,0.665032,0.103498,0.786,0.253506,0.711454,0.918979,0.147636,0.669943,0.456067,0.013444,0.0385862
817,2,3,0.682837,0.44013,0.764399,0.252961,0.83986,0.683361,0.292177,0.724241,0.931029,0.895404,0.552947,0.760683,0.696539,0.0482441,0.596739,0.371623,0.12274,0.273023,0.963115,0.386132,0.122876,0.160076,0.254882,0.0977041,0.813628,0.520985,0.618597,0.720381,0.838149,0.701911,0.515736,0.450944
818,2,4,0.921845,0.516329,0.0362523,0.69157,0.85613,0.0479252,0.230818,0.709896,0.848736,0.582201,0.139197,0.198109,0.580219,0.0490589,0.888108,0.108528,0.47354,0.524691,0.746567,0.758409,0.804672,0.334657,0.736494,0.379124,0.92533,0.934146,0.446834,0.213013,0.173125,0.103749,0.0478111,0.34341
819,5,4,0.143198,0.626077,0.557949,0.415795,0.184945,0.964753,0.0389337,0.734996,0.0359898,0.0618614,0.831569,0.744631,0.59145,0.0240386,0.358085,0.650323,0.894228,0.210483,0.0701966,0.696442,0.980322,0.30978,0.616292,0.873006,0.183464,0.336914,0.679069,0.619696,0.763381,0.285928,0.429343,0.917222
820,1,4,0.150732,0.243303,0.278838,0.948797,0.0934924,0.357158,0.210878,0.651865,0.238729,0.742853,0.917633,0.0229022,0.0781097,0.958967,0.427415,0.344441,0.532399,0.189779,0.898693,0.850708,0.997696,0.702899,0.753388,0.0867433,0.970791,0.117045,0.787101,0.715192,0.963203,0.0747833,0.707271,0.917175
821,5,4,0.40192,0.335492,0.646597,0.362939,0.350718,0.506496,0.273384,0.360969,0.577399,0.783469,0.933502,0.974737,0.0349819,0.584522,0.769231,0.446037,0.722727,0.222774,0.963953,0.653433,0.930711,0.685577,0.762233,0.685191,0.520409,0.026985,0.204268,0.899122,0.545236,0.338107,0.765352,0.744166
822,1,1,0.789712,0.650555,0.195267,0.394867,0.599686,0.608384,0.332173,0.0401987,0.00920566,0.761896,0.200221,0.0995887,0.113221,0.396751,0.842719,0.103619,0.258506,0.837074,0.284698,0.550302,0.959937,0.690955,0.379087,0.682582,0.00958564,0.841606,0.283846,0.132569,0.1193,0.659728,0.102809,0.575134
823,3,4,0.593259,0.201423,0.189348,0.267572,0.361243,0.0725564,0.862018,0.35472,0.424338,0.0272025,0.915691,0.553183,0.497938,0.211501,0.398837,0.287003,0.750389,0.910472,0.0731751,0.502817,0.0894784,0.269014,0.651974,0.598462,0.486941,0.201671,0.790415,0.0743957,0.916271,0.0209064,0.388367,0.951529
824,3,3,0.500697,0.799948,0.981611,0.980918,0.831084,0.931629,0.911738,0.736913,0.25434,0.693987,0.772526,0.33685,0.265473,0.104017,0.208743,0.573723,0.944266,0.576253,0.0193044,0.952237,0.965389,0.442571,0.149262,0.690808,0.819438,0.574971,0.275923,0.17676,0.350702,0.592064,0.216758,0.540117
825,1,3,0.348096,0.513423,0.657393,0.163988,0.0156473,0.463478,0.0643749,0.605653,0.0996611,0.489449,0.418994,0.488686,0.814796,0.0775177,0.888178,0.190774,0.244811,0.320973,0.57437,0.419347,0.768365,0.593937,0.288829,0.863345,0.409008,0.159165,0.523974,0.015088,0.134875,0.449237,0.0259823,0.432103
826,3,1,0.626854,0.833222,0.0736183,0.802361,0.189696,0.100043,0.337854,0.933995,0.0778701,0.110414,0.191699,0.63457,0.91127,0.672406,0.0192991,0.679877,0.653432,0.265351,0.384409,0.330345,0.672649,0.548677,0.588692,0.199587,0.223499,0.0203105,0.84721,0.562144,0.49194,0.465279,0.822536,0.656731
827,4,2,0.984686,0.840925,0.770489,0.146221,0.96595,0.891344,0.514326,0.449521,0.473691,0.549805,0.755454,0.896581,0.880291,0.299913,0.964146,0.181827,0.324552,0.445752,0.798705,0.244367,0.210646,0.527844,0.545574,0.275258,0.179848,0.86449,0.347397,0.607325,0.931358,0.000240674,0.146091,0.805474
828,3,2,0.592954,0.320208,0.120738,0.383063,0.325979,0.630263,0.562981,0.442061,0.187179,0.628636,0.800624,0.146781,0.972157,0.970164,0.214759,0.729606,0.186912,0.250207,0.454935,0.72417,0.747765,0.575025,0.281601,0.109189,0.0198799,0.178196,0.541221,0.0413081,0.956601,0.809238,0.391277,0.551705
829,1,2,0.968902,0.126345,0.694608,0.484046,0.719172,0.525261,0.562702,0.701949,0.974609,0.969937,0.688866,0.434946,0.895033,0.406034,0.699379,0.36993,0.735116,0.826924,0.290411,0.156317,0.303479,0.343813,0.782985,0.724971,0.296706,0.0156949,0.56277,0.289381,0.249352,0.641447,0.816983,0.185952
830,4,3,0.829447,0.486045,0.60273,0.422024,0.18691,0.106027,0.542035,0.938235,0.282499,0.0442927,0.323467,0.749743,0.351528,0.0714228,0.0633193,0.467296,0.985962,0.175411,0.0315346,0.141098,0.662497,0.125898,0.371228,0.452787,0.64601,0.515485,0.356248,0.133384,0.673751,0.979396,0.729236,0.257766
831,3,3,0.113962,0.21627,0.656893,0.493923,0.279988,0.756017,0.0288014,0.521102,0.414831,0.285649,0.433543,0.248397,0.467174,0.758934,0.704824,0.118238,0.308844,0.369967,0.315281,0.151483,0.0605523,0.257976,0.686821,0.152683,0.567826,0.886773,0.349425,0.731904,0.705189,0.560927,0.537358,0.224425
832,1,4,0.511325,0.520833,0.636348,0.590404,0.660003,0.0600852,0.288958,0.972902,0.140743,0.465439,0.156634,0.926532,0.639391,0.00980811,0.872873,0.247558,0.409496,0.103996,0.16952,0.769616,0.756603,0.320125,0.832489,0.840492,0.880582,0.832385,0.606831,0.667795,0.860729,0.665782,0.015415,0.70016
833,3,5,0.0925761,0.386908,0.712605,0.682828,0.0695818,0.897407,0.496364,0.332574,0.472707,0.944889,0.310704,0.0135816,0.870405,0.349083,0.170433,0.132098,0.352463,0.12662,0.774171,0.81543,0.0304223,0.918368,0.67295,0.777758,0.816398,0.976616,0.932268,0.216329,0.876297,0.1408,0.319384,0.520704
834,1,1,0.0772935,0.0398391,0.25787,0.995566,0.0942224,0.602246,0.315187,0.978942,0.875187,0.365082,0.347167,0.458024,0.561898,0.752361,0.433381,0.7927,0.458917,0.233033,0.969572,0.929801,0.296154,0.867423,0.627324,0.0182053,0.420063,0.128568,0.0611462,0.496097,0.489331,0.460956,0.813343,0.708391
835,5,1,0.0695918,0.644855,0.153632,0.61637,0.7644,0.23362,0.723995,0.542394,0.565018,0.222207,0.468226,0.146923,0.888326,0.573135,0.766698,0.977474,0.811942,0.236933,0.813262,0.355336,0.642717,0.256573,0.458015,0.26646,0.864678,0.404192,0.926007,0.701856,0.023806,0.0388045,0.0515549,0.957124
836,1,4,0.277161,0.881253,0.873369,0.894378,0.388795,0.524489,0.1191,0.136997,0.0804432,0.565146,0.156508,0.628632,0.249893,0.857759,0.488518,0.550895,0.701498,0.410709,0.986399,0.838291,0.441507,0.980952,0.518185,0.645103,0.521816,0.874387,0.539434,0.598735,0.517741,0.689788,0.00877476,0.688167
837,1,3,0.0976663,0.321013,0.101557,0.575661,0.704897,0.594136,0.204916,0.315072,0.894714,0.349852,0.928606,0.762247,0.975893,0.582724,0.939081,0.149211,0.271888,0.837637,0.509777,0.883114,0.175455,0.466141,0.80621,0.208907,0.888432,0.947607,0.851289,0.88227,0.433367,0.244382,0.758674,0.0955937
838,3,3,0.0402448,0.676397,0.753236,0.175389,0.425355,0.513213,0.995549,0.425415,0.0972542,0.890551,0.855628,0.429567,0.479983,0.533776,0.82715,0.955286,0.817127,0.299692,0.915992,0.288991,0.29785,0.799595,0.949799,0.277539,0.151667,0.831866,0.0819688,0.0955356,0.431616,0.111261,0.828323,0.901323
839,3,2,0.829287,0.718814,0.729687,0.225289,0.209428,0.166274,0.948882,0.834954,0.0607812,0.358623,0.89828,0.455033,0.304443,0.0279719,0.500148,0.385881,0.422352,0.770438,0.171835,0.821275,0.358147,0.698755,0.192934,0.69218,0.203886,0.506239,0.187057,0.538329,0.489017,0.742632,0.797931,0.247302
840,5,3,0.893207,0.949925,0.636544,0.0276899,0.68934,0.139465,0.667607,0.570332,0.449459,0.737835,0.689339,0.537891,0.0697078,0.355064,0.859851,0.977976,0.777812,0.703853,0.24523,0.831391,0.768032,0.0402469,0.0126426,0.23592,0.217247,0.374171,0.0651372,0.182601,0.780227,0.0728993,0.755874,0.225092
841,3,4,0.00448169,0.695745,0.501233,0.774021,0.704836,0.0429362,0.155401,0.427986,0.649791,0.122212,0.0841101,0.4312,0.181326,0.433976,0.475797,0.498212,0.653565,0.892831,0.145869,0.805095,0.185223,0.636721,0.204446,0.885407,0.238701,0.678469,0.226554,0.818855,0.395149,0.563778,0.65379,0.525218
842,1,4,0.775974,0.0196893,0.719269,0.690378,0.126527,0.934518,0.0488416,0.713942,0.877942,0.0367937,0.0798311,0.377886,0.148339,0.809581,0.0221333,0.958609,0.628336,0.370163,0.582371,0.841194,0.986904,0.86381,0.886932,0.123286,0.410843,0.845788,0.371586,0.32425,0.296852,0.593238,0.152407,0.538962
843,3,3,0.132284,0.740465,0.114115,0.440881,0.240512,0.888311,0.306669,0.809498,0.961579,0.785421,0.578473,0.458247,0.987596,0.0375729,0.372467,0.492256,0.457627,0.898446,0.324579,0.19045,0.182888,0.982592,0.143165,0.807691,0.945079,0.70983,0.986811,0.67716,0.0449095,0.587026,0.150346,0.72067
844,1,1,0.186333,0.845288,0.36388,0.696346,0.129096,0.771253,0.456512,0.792487,0.271695,0.0920701,0.351905,0.0556408,0.0943126,0.800986,0.428128,0.259384,0.983258,0.58197,0.328833,0.443711,0.876429,0.0220392,0.843199,0.0402813,0.952058,0.827125,0.79011,0.607678,0.659597,0.523843,0.856584,0.944352
845,3,3,0.462831,0.257971,0.989256,0.756739,0.7696,0.775235,0.962075,0.404897,0.779634,0.950978,0.874882,0.938255,0.70653,0.0124097,0.760502,0.172328,0.523178,0.820219,0.924238,0.335217,0.825039,0.0954627,0.843885,0.784999,0.673009,0.454583,0.30458,0.492411,0.0356298,0.186369,0.935655,0.660895
846,4,2,0.298143,0.206673,0.149135,0.340331,0.829523,0.596879,0.83652,0.924872,0.814508,0.920376,0.645083,0.287906,0.366015,0.735621,0.30407,0.775519,0.00855477,0.808823,0.833608,0.570762,0.0874327,0.010508,0.630755,0.761676,0.504075,0.106597,0.526689,0.116871,0.926713,0.605625,0.031615,0.983521
847,4,3,0.0520524,0.645811,0.0381536,0.303654,0.429818,0.898726,0.0630752,0.593517,0.789144,0.207477,0.529563,0.262131,0.0290388,0.432481,0.0405007,0.122044,0.612669,0.0787334,0.806112,0.680061,0.4378,0.407165,0.554581,0.726226,0.799829,0.110058,0.610506,0.609866,0.22476,0.443307,0.613052,0.0579987
848,1,2,0.734107,0.0828043,0.620874,0.82772,0.969242,0.631957,0.197288,0.556968,0.951091,0.133469,0.538339,0.287457,0.671956,0.492876,0.0994616,0.633283,0.380576,0.183231,0.769379,0.00886628,0.706911,0.34476,0.0401394,0.482871,0.546594,0.184434,0.0882782,0.492166,0.995856,0.338486,0.897297,0.45509
849,5,1,0.85865,0.628468,0.91943,0.042897,0.353548,0.170905,0.719502,0.432751,0.442104,0.356297,0.655232,0.391632,0.340317,0.803761,0.322559,0.886332,0.424434,0.248669,0.145568,0.836391,0.831139,0.45879,0.348698,0.273821,0.40015,0.985456,0.894055,0.824802,0.496624,0.994253,0.544254,0.168191
850,2,4,0.886726,0.503378,0.169467,0.638644,0.473215,0.17106,0.971296,0.860431,0.372366,0.532013,0.371573,0.410942,0.19503,0.602054,0.114323,0.634954,0.740305,0.0427833,0.77003,0.999893,0.969013,0.36392,0.773418,0.0615426,0.243352,0.852323,0.0401166,0.993019,0.985437,0.816359,0.340451,0.851883
851,3,4,0.905955,0.922326,0.5851,0.0357386,0.214871,0.766724,0.889096,0.67071,0.993361,0.049585,0.0866786,0.543974,0.862252,0.51506,0.390516,0.691534,0.524072,0.0775314,0.914816,0.805279,0.973379,0.139403,0.262164,0.418665,0.212851,0.881288,0.0805166,0.560532,0.561798,0.379591,0.0136044,0.0482022
852,4,2,0.073384,0.986547,0.405226,0.911796,0.0399322,0.717296,0.835217,0.105293,0.209739,0.23944,0.328309,0.186849,0.870048,0.355462,0.746266,0.235517,0.219038,0.244439,0.0718994,0.61673,0.715674,0.318703,0.390703,0.677163,0.76608,0.94789,0.445295,0.638478,0.346002,0.751657,0.451205,0.75158
853,3,5,0.90222,0.014958,0.0497672,0.055048,0.524112,0.28206,0.0328354,0.689543,0.46841,0.906683,0.885283,0.958798,0.36159,0.0258487,0.93245,0.990087,0.630608,0.322497,0.934155,0.842956,0.757167,0.180295,0.103435,0.0628983,0.231151,0.378355,0.39417,0.858925,0.170107,0.220825,0.494912,0.153957
854,4,4,0.956259,0.938337,0.433728,0.0125482,0.785627,0.727436,0.941911,0.309208,0.876989,0.374704,0.208668,0.469103,0.49603,0.426791,0.34774,0.514974,0.399859,0.582362,0.360807,0.465596,0.826359,0.701564,0.452139,0.718602,0.523694,0.440359,0.982447,0.142463,0.0599793,0.640639,0.487958,0.772957
855,1,5,0.151162,0.588055,0.611532,0.229412,0.239465,0.645137,0.867404,0.334856,0.3271,0.919559,0.329063,0.65372,0.598194,0.27818,0.183563,0.472927,0.284889,0.846581,0.416632,0.335464,0.353638,0.525441,0.524877,0.67967,0.59964,0.754529,0.566667,0.173892,0.654168,0.565152,0.30775,0.9122
856,4,3,0.760808,0.656145,0.85078,0.983661,0.257006,0.570735,0.407092,0.442605,0.498569,0.551587,0.533327,0.115712,0.65949,0.401716,0.0416032,0.458405,0.721477,0.848628,0.061971,0.758649,0.468289,0.601427,0.827671,0.347277,0.451215,0.187035,0.14909,0.347765,0.985034,0.679804,0.889285,0.263038
857,2,1,0.411512,0.38677,0.183846,0.76559,0.941411,0.883787,0.532351,0.699371,0.852355,0.341602,0.342095,0.433177,0.335288,0.14335,0.985541,0.168097,0.521833,0.164293,0.140695,0.130586,0.219675,0.179581,0.481944,0.202688,0.0424709,0.111846,0.462534,0.640261,0.418941,0.990402,0.779336,0.879187
858,1,1,0.982549,0.423059,0.18077,0.859311,0.590987,0.134675,0.0896993,0.847645,0.733864,0.592701,0.994754,0.931299,0.819139,0.876039,0.555704,0.677034,0.484741,0.657823,0.83503,0.213164,0.935974,0.116753,0.989207,0.415393,0.396539,0.18658,0.990918,0.102417,0.155926,0.302327,0.25355,0.86049
859,3,2,0.271739,0.292638,0.767938,0.424052,0.852924,0.51057,0.778893,0.181578,0.631066,0.96422,0.513967,0.578873,0.708704,0.522111,0.390834,0.00882258,0.841308,0.485715,0.67719,0.837671,0.697805,0.219645,0.535936,0.351208,0.885229,0.0205715,0.252015,0.976928,0.381148,0.0666518,0.777643,0.898221
860,2,5,0.889214,0.587556,0.346399,0.679316,0.36933,0.140829,0.888736,0.443759,0.46437,0.325466,0.516125,0.0566025,0.332764,0.833194,0.27667,0.0451678,0.655949,0.653258,0.119841,0.314077,0.879273,0.192129,0.779203,0.667086,0.190748,0.574538,0.69402,0.315256,0.602633,0.512961,0.184535,0.246237
861,4,5,0.408987,0.313819,0.699243,0.245153,0.638723,0.751834,0.532235,0.0175925,0.768411,0.268012,0.757938,0.375395,0.617859,0.882238,0.78699,0.950442,0.334263,0.716478,0.88125,0.492532,0.61491,0.640622,0.822363,0.414001,0.546279,0.298826,0.218438,0.950688,0.54241,0.11539,0.371112,0.346394
862,3,5,0.475794,0.723141,0.836113,0.0291014,0.678073,0.0230997,0.684544,0.516512,0.217155,0.484253,0.98425,0.442992,0.841675,0.302344,0.789005,0.986639,0.330215,0.271987,0.535632,0.49004,0.137103,0.404893,0.538476,0.170249,0.145889,0.202619,0.553038,0.918303,0.648722,0.85828,0.390196,0.199044
863,4,4,0.875653,0.209186,0.108563,0.626546,0.791733,0.0812805,0.170755,0.88037,0.036708,0.0515003,0.185575,0.554943,0.765043,0.779712,0.405126,0.116835,0.872521,0.40448,0.524708,0.0419502,0.0222504,0.682753,0.716714,0.30745,0.110233,0.559395,0.78938,0.932732,0.168103,0.305858,0.345446,0.0486275
864,5,4,0.954231,0.786841,0.371434,0.957869,0.8294,0.157801,0.190792,0.39214,0.80718,0.84414,0.657494,0.806871,0.192744,0.624796,0.302504,0.269369,0.131771,0.284035,0.382967,0.124003,0.203649,0.921854,0.643998,0.172932,0.994505,0.572887,0.0120092,0.584351,0.54092,0.369605,0.573667,0.352518
865,1,2,0.506005,0.388298,0.543701,0.255115,0.471653,0.399132,0.268904,0.807662,0.0560291,0.966478,0.408658,0.63595,0.0525915,0.782101,0.550492,0.532825,0.307294,0.624823,0.533602,0.988087,0.134297,0.438419,0.93263,0.0662547,0.894521,0.957007,0.189997,0.793062,0.343444,0.39831,0.613493,0.982395
866,5,1,0.354568,0.37212,0.251112,0.609731,0.915517,0.274347,0.852511,0.698572,0.579833,0.15285,0.520346,0.108025,0.930726,0.534878,0.932428,0.555494,0.96933,0.106655,0.125379,0.964176,0.160558,0.573287,0.676737,0.151035,0.541434,0.311443,0.0184659,0.800234,0.061975,0.523232,0.88808,0.188148
867,4,1,0.357271,0.430774,0.891051,0.337415,0.593675,0.655917,0.805906,0.925247,0.427431,0.24773,0.113398,0.855234,0.433727,0.920462,0.4573,0.902003,0.550944,0.952077,0.105583,0.842109,0.991402,0.593486,0.244137,0.409846,0.198552,0.491688,0.526803,0.872612,0.537208,0.301398,0.439821,0.159262
868,3,3,0.516654,0.826995,0.609695,0.761486,0.723746,0.497645,0.0250251,0.274871,0.570644,0.677613,0.884194,0.0384331,0.0173887,0.568228,0.405182,0.398425,0.926227,0.97786,0.353154,0.50756,0.458729,0.552268,0.981541,0.712363,0.199324,0.484538,0.0652552,0.224569,0.859423,0.537278,0.868465,0.944269
869,5,2,0.514207,0.679641,0.835806,0.978034,0.738559,0.829922,0.265149,0.659034,0.0168934,0.735996,0.4797,0.936483,0.858912,0.959752,0.895835,0.968968,0.956226,0.625642,0.879563,0.384712,0.580044,0.133153,0.444606,0.385548,0.77485,0.942955,0.739822,0.889797,0.538143,0.52366,0.0873274,0.537007
870,2,4,0.455603,0.454508,0.363334,0.714449,0.629567,0.402431,0.673838,0.187984,0.210688,0.54086,0.836939,0.225337,0.289937,0.974288,0.186684,0.39034,0.4064,0.909665,0.73056,0.225554,0.965458,0.189209,0.809281,0.616901,0.940348,0.779379,0.140606,0.566765,0.0711768,0.229796,0.557705,0.0378944
871,2,5,0.828055,0.131037,0.671988,0.343176,0.970728,0.675785,0.254792,0.0980234,0.485784,0.127251,0.50124,0.0616662,0.239177,0.996079,0.590093,0.387077,0.443286,0.905795,0.446722,0.293586,0.362737,0.753203,0.0169294,0.219067,0.522095,0.498325,0.335248,0.824616,0.00131987,0.816334,0.307944,0.794281
872,2,4,0.393448,0.211472,0.131852,0.482216,0.507684,0.484871,0.69244,0.890503,0.630186,0.296892,0.803755,0.931496,0.452008,0.450796,0.519092,0.669787,0.810402,0.268883,0.427701,0.410298,0.701599,0.709801,0.434602,0.512747,0.417736,0.930708,0.760206,0.737125,0.174837,0.564403,0.338586,0.88667
873,4,3,0.35911,0.64732,0.230375,0.246371,0.579406,0.394857,0.798171,0.683304,0.786613,0.891792,0.364501,0.315547,0.98876,0.215486,0.593854,0.593696,0.3994,0.0671971,0.835539,0.714542,0.729874,0.703139,0.749275,0.354966,0.196139,0.892678,0.468324,0.502181,0.861828,0.645765,0.504038,0.209578
874,4,1,0.587934,0.862418,0.842357,0.21294,0.284561,0.390574,0.575475,0.318077,0.123235,0.15111,0.690211,0.289718,0.731968,0.232772,0.0428373,0.923594,0.675791,0.741079,0.41469,0.316102,0.124097,0.763339,0.419908,0.02214,0.194233,0.526525,0.41556,0.250335,0.384339,0.114322,0.738392,0.883759
875,3,1,0.607029,0.822391,0.0226868,0.413223,0.931022,0.0142908,0.686233,0.732533,0.0341954,0.59636,0.818833,0.344172,0.200266,0.281546,0.579221,0.0736912,0.466634,0.941426,0.419839,0.493985,0.889714,0.0855245,0.437361,0.86868,0.0753441,0.278833,0.946639,0.203603,0.920535,0.280937,0.684433,0.564571
876,1,3,0.0928595,0.481757,0.790748,0.895743,0.0754779,0.188172,0.068601,0.331189,0.537384,0.396122,0.160128,0.586221,0.00773027,0.919254,0.423113,0.394539,0.137217,0.0691528,0.160515,0.347951,0.0769106,0.190085,0.205094,0.651774,0.715484,0.0292621,0.808927,0.29193,0.452534,0.545174,0.506554,0.277334
877,2,1,0.0693163,0.114712,0.257568,0.942805,0.543898,0.290907,0.739551,0.923001,0.605003,0.325835,0.392128,0.78184,0.118324,0.246187,0.780773,0.669769,0.363786,0.323716,0.736054,0.509159,0.512979,0.673814,0.738662,0.588883,0.90729,0.576281,0.92103,0.0656808,0.535107,0.249077,0.511508,0.571839
878,1,5,0.9358,0.250644,0.457919,0.229185,0.127591,0.249856,0.432705,0.535609,0.127053,0.58196,0.502532,0.908998,0.561276,0.386031,0.337756,0.926579,0.0716506,0.651954,0.943504,0.91266,0.773353,0.833472,0.838881,0.687582,0.366868,0.356106,0.760831,0.24111,0.485373,0.222391,0.201083,0.952174
879,2,2,0.345051,0.724831,0.137552,0.883796,0.998269,0.918996,0.049189,0.511556,0.441144,0.62906,0.452094,0.418754,0.300632,0.418491,0.571352,0.0384289,0.149977,0.433821,0.783912,0.67349,0.332448,0.421982,0.591343,0.87241,0.715639,0.332563,0.889042,0.132682,0.835787,0.811559,0.608309,0.673948
880,3,5,0.503205,0.536451,0.768735,0.401852,0.877546,0.93886,0.103782,0.607332,0.384856,0.158389,0.776117,0.502148,0.431652,0.862557,0.332228,0.671497,0.411323,0.842452,0.602845,0.250399,0.999805,0.888351,0.492992,0.755611,0.208494,0.728914,0.162847,0.346541,0.0423497,0.887658,0.558817,0.637979
881,2,3,0.205234,0.360971,0.695329,0.145652,0.741107,0.332337,0.259098,0.455264,0.3441,0.533407,0.990472,0.510809,0.374264,0.546055,0.760802,0.841706,0.452725,0.170101,0.793345,0.316051,0.769023,0.888609,0.667756,0.560458,0.854778,0.58339,0.939219,0.478063,0.579983,0.548975,0.237469,0.19808
882,1,4,0.758306,0.997173,0.650883,0.566048,0.177798,0.0444025,0.0512395,0.796436,0.682962,0.396475,0.251079,0.153676,0.49967,0.86252,0.746747,0.197973,0.562667,0.920767,0.0833026,0.441796,0.18558,0.742791,0.219328,0.546996,0.257864,0.256627,0.565403,0.67109,0.503966,0.957913,0.20316,0.769637
883,4,4,0.171432,0.990628,0.984381,0.265327,0.468547,0.0623415,0.867346,0.0321309,0.848752,0.710688,0.51152,0.830232,0.706688,0.635101,0.192752,0.905027,0.688397,0.697976,0.272385,0.370955,0.832062,0.181258,0.0837241,0.924647,0.773139,0.103597,0.0999369,0.542988,0.881189,0.314008,0.304205,0.271415
884,4,4,0.487502,0.231237,0.366303,0.916365,0.645442,0.406044,0.947523,0.677375,0.0412697,0.727756,0.918853,0.682942,0.609082,0.9034,0.807314,0.231131,0.383875,0.0860545,0.471843,0.0554657,0.868851,0.877844,0.414848,0.973287,0.53466,0.302527,0.0201949,0.693514,0.158598,0.00891278,0.641686,0.188632
885,1,2,0.582601,0.0658871,0.14331,0.46851,0.445405,0.662583,0.355095,0.765958,0.495661,0.453816,0.870329,0.630284,0.775861,0.539576,0.0839895,0.0523058,0.890309,0.742805,0.471767,0.172362,0.743862,0.0318055,0.140039,0.451168,0.67072,0.865638,0.236326,0.150829,0.438381,0.0128575,0.0168629,0.109979
886,1,1,0.0920805,0.580172,0.239744,0.193012,0.100018,0.801964,0.69191,0.753297,0.0290399,0.695864,0.617741,0.48747,0.140708,0.365217,0.945161,0.375587,0.933094,0.503071,0.225503,0.0773147,0.614421,0.682305,0.0280053,0.351508,0.931789,0.224759,0.522987,0.278327,0.0432232,0.180294,0.3425,0.901568
887,3,5,0.392944,0.882926,0.669926,0.572243,0.46989,0.867451,0.383722,0.474064,0.119157,0.927634,0.244939,0.211491,0.100143,0.554692,0.807499,0.125839,0.13524,0.44722,0.595373,0.569904,0.34274,0.605675,0.225978,0.365529,0.639468,0.0763356,0.457002,0.655326,0.400145,0.488432,0.592852,0.136879
888,5,3,0.303484,0.955669,0.559061,0.856606,0.669499,0.843868,0.0266932,0.0986713,0.465872,0.99342,0.0576833,0.400381,0.186405,0.163121,0.560509,0.812102,0.866189,0.225731,0.882806,0.526175,0.069944,0.128016,0.419105,0.474646,0.583007,0.558141,0.14707,0.445924,0.765432,0.0694868,0.744235,0.484939
889,2,4,0.00848601,0.26162,0.216684,0.921602,0.827187,0.417792,0.67058,0.864116,0.89439,0.109664,0.0571797,0.318877,0.596964,0.176331,0.569047,0.408411,0.0356744,0.111637,0.513522,0.441035,0.60952,0.353871,0.191293,0.223315,0.27333,0.642179,0.640347,0.950911,0.468301,0.207113,0.858014,0.711791
890,4,1,0.26666,0.498121,0.984866,0.897668,0.911136,0.96639,0.0289927,0.362246,0.770729,0.651033,0.110335,0.662213,0.0274852,0.403636,0.273696,0.316791,0.269346,0.933744,0.819319,0.789982,0.710667,0.114465,0.981609,0.119884,0.711513,0.922543,0.418256,0.0814098,0.698928,0.688421,0.999459,0.226758
891,3,1,0.761681,0.0596375,0.938365,0.373522,0.113651,0.0775884,0.704784,0.596639,0.850806,0.647255,0.954379,0.373469,0.210969,0.742878,0.503929,0.490043,0.680555,0.430229,0.247468,0.406988,0.600473,0.431106,0.257579,0.967888,0.333457,0.681407,0.441519,0.31521,0.52919,0.73386,0.449366,0.330267
892,1,1,0.298589,0.47536,0.158965,0.751024,0.04735,0.37766,0.195979,0.869174,0.581944,0.386953,0.786115,0.349839,0.169248,0.998244,0.108555,0.482472,0.74929,0.805221,0.305158,0.804988,0.951499,0.926369,0.714318,0.0848951,0.326756,0.27122,0.289543,0.767748,0.523698,0.562602,0.0791447,0.559615
893,5,2,0.175858,0.281153,0.774724,0.521334,0.513857,0.277181,0.0105671,0.210283,0.673517,0.0877561,0.42369,0.155726,0.510852,0.768868,0.214116,0.718779,0.551782,0.0458337,0.979153,0.203284,0.0734447,0.560455,0.283917,0.322628,0.242998,0.82325,0.248549,0.784989,0.378706,0.891581,0.81811,0.562931
894,3,5,0.202215,0.606065,0.54295,0.0891367,0.636899,0.00958602,0.521827,0.0170935,0.434076,0.407543,0.191976,0.228078,0.488219,0.157338,0.401215,0.615326,0.795563,0.995095,0.763604,0.177753,0.133999,0.546421,0.0885191,0.119728,0.908154,0.934236,0.535508,0.291755,0.857801,0.87834,0.0581511,0.283076
895,4,3,0.539427,0.209381,0.860702,0.292789,0.09761,0.192475,0.240446,0.26426,0.406538,0.834866,0.865841,0.639032,0.938883,0.40588,0.992725,0.971521,0.959193,0.464862,0.00594175,0.96976,0.0477083,0.196587,0.147607,0.904638,0.348862,0.0138222,0.829918,0.545303,0.892656,0.423052,0.186834,0.525088
896,4,2,0.917362,0.389031,0.463732,0.998198,0.103544,0.976507,0.457814,0.961745,0.375795,0.979085,0.577658,0.793012,0.438659,0.98859,0.0173459,0.89236,0.993998,0.415933,0.54354,0.784777,0.473631,0.912068,0.954617,0.712606,0.15586,0.422782,0.189238,0.0657902,0.808015,0.809697,0.260831,0.952743
897,2,1,0.271533,0.151906,0.0331876,0.326504,0.517015,0.582622,0.196686,0.316929,0.757846,0.610619,0.6412,0.966852,0.923603,0.670734,0.782988,0.362659,0.180776,0.935753,0.800158,0.565635,0.641737,0.128372,0.668952,0.498981,0.832263,0.653636,0.573824,0.838254,0.466004,0.936477,0.636641,0.317416
898,5,2,0.182597,0.0738286,0.616588,0.738355,0.233848,0.795158,0.0799151,0.409373,0.000554184,0.395925,0.608319,0.954237,0.362149,0.916681,0.752311,0.233266,0.375176,0.780808,0.486003,0.6227,0.407085,0.154223,0.650575,0.356771,0.356139,0.177473,0.963768,0.295156,0.936147,0.615301,0.848028,0.375265
899,2,5,0.44914,0.539647,0.53643,0.0872241,0.742093,0.738797,0.696146,0.40171,0.890679,0.480397,0.716331,0.9743,0.997885,0.344367,0.348506,0.648219,0.832998,0.392504,0.697635,0.894283,0.691386,0.846756,0.325836,0.241624,0.785602,0.691746,0.900376,0.065172,0.218548,0.963185,0.625497,0.34899
900,1,1,0.989548,0.318431,0.478833,0.632771,0.22832,0.983591,0.381858,0.87675,0.653838,0.160366,0.0760894,0.547488,0.603602,0.348532,0.931225,0.434339,0.850363,0.335183,0.0676735,0.335959,0.99339,0.542553,0.698727,0.191964,0.162281,0.537395,0.0124161,0.278965,0.171283,0.288983,0.838176,0.738748
901,4,3,0.233147,0.380946,0.757306,0.407534,0.586111,0.48511,0.782736,0.669011,0.74615,0.369687,0.0506014,0.213137,0.892511,0.884873,0.227032,0.981039,0.553392,0.0200147,0.644288,0.546467,0.168628,0.341702,0.976231,0.27699,0.488156,0.335706,0.0576427,0.638878,0.937262,0.190716,0.586268,0.912861
902,1,1,0.525176,0.325577,0.834738,0.765531,0.0331335,0.0163467,0.268378,0.431853,0.469648,0.355304,0.0766036,0.33821,0.705907,0.337071,0.393663,0.0312714,0.272668,0.152116,0.00337885,0.141885,0.71983,0.988611,0.833809,0.0221658,0.395041,0.167074,0.564218,0.974174,0.227687,0.628257,0.622198,0.450667
903,3,2,0.488644,0.669661,0.644206,0.137803,0.918192,0.671186,0.381336,0.979177,0.76519,0.531973,0.597687,0.214085,0.927012,0.625284,0.398378,0.51293,0.319095,0.53314,0.887142,0.478107,0.0492444,0.673741,0.136385,0.571945,0.0824044,0.986995,0.84311,0.825863,0.0106074,0.264698,0.861657,0.725757
904,5,5,0.00402528,0.782346,0.401645,0.147558,0.186801,0.473554,0.6244,0.790606,0.679359,0.280113,0.487528,0.837119,0.0405195,0.644151,0.656129,0.397522,0.842039,0.423417,0.720324,0.925992,0.829958,0.217791,0.20051,0.693363,0.888888,0.707294,0.322193,0.92245,0.0134048,0.713164,0.843392,0.584467
905,1,3,0.655558,0.829132,0.231437,0.716776,0.251744,0.0325784,0.466593,0.37352,0.897831,0.63189,0.149598,0.522251,0.825974,0.319318,0.291303,0.144424,0.808586,0.552997,0.920271,0.285918,0.427494,0.233,0.365051,0.398958,0.802221,0.785491,0.529483,0.487853,0.684449,0.216492,0.622829,0.116903
906,3,1,0.84479,0.794366,0.195775,0.652818,0.932282,0.232149,0.250571,0.436707,0.733881,0.85523,0.284655,0.177656,0.317785,0.532081,0.310002,0.356232,0.747892,0.12418,0.556815,0.0499039,0.882952,0.555871,0.307373,0.0207489,0.691993,0.103446,0.752949,0.347564,0.151482,0.0435202,0.400589,0.400445
907,1,2,0.355687,0.349873,0.322113,0.79116,0.68642,0.626364,0.215866,0.445401,0.709391,0.0918333,0.935044,0.61915,0.565198,0.16371,0.611434,0.0765863,0.0689327,0.663996,0.864477,0.91206,0.285448,0.460593,0.615051,0.0409959,0.979112,0.880298,0.595503,0.0669738,0.72471,0.867513,0.44532,0.391819
908,5,3,0.797599,0.542797,0.0349988,0.957085,0.700658,0.898741,0.0229216,0.47033,0.862305,0.695823,0.157636,0.580429,0.514271,0.693462,0.597151,0.829327,0.457545,0.0344938,0.340763,0.32576,0.467814,0.959329,0.311416,0.949336,0.438122,0.0112209,0.358913,0.20144,0.566205,0.99377,0.237924,0.492825
909,5,4,0.50087,0.16642,0.194162,0.894336,0.477067,0.231264,0.866415,0.189648,0.0218068,0.228122,0.679554,0.919622,0.547968,0.702847,0.169558,0.768596,0.817476,0.377036,0.368885,0.909177,0.293802,0.789408,0.828125,0.750597,0.638525,0.97094,0.898259,0.366197,0.629884,0.610974,0.740818,0.90993
910,5,2,0.0547396,0.563379,0.776049,0.0762137,0.613706,0.652723,0.0695078,0.526556,0.508578,0.18418,0.0824581,0.882253,0.735947,0.343249,0.546502,0.38748,0.953574,0.672402,0.183135,0.488799,0.606033,0.0892811,0.211582,0.387442,0.614065,0.0944661,0.72265,0.19075,0.722304,0.00717443,0.815074,0.181313
911,5,5,0.0772717,0.538218,0.343267,0.919277,0.687123,0.540327,0.498586,0.705604,0.190676,0.357677,0.55271,0.751631,0.407436,0.620469,0.390038,0.459794,0.809754,0.193769,0.407598,0.303541,0.0264545,0.620946,0.0580633,0.426056,0.856244,0.889387,0.960601,0.23484,0.688409,0.0730727,0.364368,0.589349
912,1,5,0.662803,0.364739,0.844334,0.647711,0.765852,0.231413,0.379139,0.558472,0.478702,0.786792,0.186132,0.867032,0.292014,0.105119,0.778126,0.356375,0.893978,0.639644,0.72446,0.0347229,0.465174,0.690615,0.0865093,0.528034,0.0569479,0.288566,0.374326,0.814654,0.463822,0.290051,0.609121,0.991415
913,4,5,0.989723,0.707981,0.363939,0.0613476,0.848095,0.90431,0.534967,0.790055,0.130439,0.229025,0.797566,0.392248,0.709827,0.268632,0.527436,0.984416,0.514553,0.854196,0.0874796,0.930225,0.655849,0.788774,0.911245,0.456348,0.0932449,0.205434,0.263511,0.20808,0.902308,0.151683,0.284344,0.54665
914,2,4,0.534818,0.991798,0.596328,0.2873,0.415789,0.697315,0.299991,0.597098,0.0485335,0.488936,0.744281,0.665769,0.746093,0.371363,0.670726,0.944485,0.643634,0.705449,0.243717,0.754201,0.0223449,0.242422,0.808715,0.168582,0.491139,0.394341,0.306838,0.766672,0.101932,0.938796,0.0627216,0.42733
915,3,5,0.804737,0.470408,0.918724,0.295228,0.896751,0.739265,0.920001,0.798202,0.907725,0.202841,0.527225,0.305169,0.219416,0.494777,0.798047,0.186522,0.213713,0.928834,0.267207,0.591334,0.233254,0.121203,0.514982,0.18403,0.321828,0.954355,0.154156,0.738169,0.453173,0.734405,0.873907,0.0724986
916,1,1,0.878336,0.443735,0.195872,0.659717,0.166974,0.959689,0.575577,0.100012,0.463329,0.482276,0.660173,0.0496127,0.794627,0.499545,0.751307,0.252259,0.942261,0.911066,0.398256,0.398492,0.206387,0.633872,0.550913,0.860287,0.110743,0.983692,0.288851,0.503819,0.207888,0.455758,0.396564,0.0757396
917,2,4,0.0318417,0.608802,0.656794,0.0654643,0.610249,0.380379,0.708359,0.00360643,0.660386,0.615228,0.114295,0.425415,0.291079,0.127021,0.129527,0.296368,0.842972,0.569661,0.746904,0.656713,0.201527,0.462336,0.341309,0.803959,0.966615,0.11244,0.594159,0.0845457,0.801156,0.0442443,0.264591,0.535828
918,5,3,0.783917,0.130521,0.685872,0.638946,0.680978,0.476948,0.552635,0.987345,0.563578,0.717474,0.735698,0.657473,0.270002,0.57045,0.352768,0.997366,0.871637,0.980459,0.308865,0.538115,0.54631,0.455183,0.702639,0.462115,0.999925,0.428342,0.435291,0.531398,0.428093,0.273584,0.842588,0.926789
919,4,5,0.731076,0.842008,0.46323,0.475304,0.323939,0.71829,0.60873,0.336882,0.876223,0.624807,0.883777,0.498371,0.108498,0.367114,0.42835,0.881556,0.464722,0.112712,0.977615,0.486923,0.677998,0.194369,0.407246,0.861055,0.0260579,0.253469,0.565385,0.63343,0.096076,0.165564,0.83445,0.404914
920,2,5,0.460509,0.166064,0.429211,0.663196,0.897339,0.20451,0.288458,0.415749,0.24902,0.540617,0.939197,0.577306,0.809246,0.602511,0.820626,0.640131,0.195194,0.271769,0.143296,0.401367,0.0260295,0.0373187,0.237042,0.768757,0.77419,0.837099,0.240038,0.199237,0.729103,0.201444,0.251908,0.0420364
921,5,3,0.983162,0.807187,0.244812,0.360703,0.376371,0.481908,0.301087,0.291967,0.109625,0.597244,0.489894,0.717308,0.378691,0.447368,0.694887,0.873594,0.817595,0.517026,0.54425,0.144253,0.0321964,0.622291,0.618922,0.462231,0.0553907,0.935672,0.616356,0.391894,0.68503,0.402866,0.197768,0.650773
922,1,4,0.911085,0.37445,0.813087,0.989774,0.305109,0.302186,0.586643,0.277529,0.914815,0.864428,0.320665,0.00337294,0.820028,0.201253,0.00947513,0.590447,0.00364671,0.162451,0.759712,0.985804,0.761448,0.464196,0.788977,0.597364,0.930027,0.160373,0.117906,0.289378,0.231985,0.614625,0.903725,0.549553
923,1,1,0.682229,0.269233,0.530463,0.653542,0.0831937,0.290976,0.285264,0.586753,0.520372,0.605031,0.85235,0.121839,0.707538,0.548633,0.621883,0.0119383,0.496033,0.501211,0.298684,0.697522,0.119245,0.0728327,0.409076,0.938711,0.0285185,0.458756,0.211056,0.938416,0.432483,0.107398,0.418605,0.949903
924,5,5,0.58906,0.461496,0.549684,0.937992,0.0781043,0.232708,0.943163,0.034785,0.0993828,0.793111,0.854834,0.595884,0.000309733,0.513921,0.882281,0.0343434,0.0197197,0.653231,0.757812,0.171623,0.361691,0.931197,0.738217,0.685727,0.401745,0.707034,0.0709079,0.23258,0.767507,0.880754,0.0712527,0.537733
925,4,3,0.050974,0.270947,0.479325,0.755462,0.723034,0.574567,0.393246,0.0484193,0.217233,0.405342,0.759091,0.18391,0.784295,0.359174,0.922695,0.383352,0.376165,0.474928,0.506252,0.60029,0.363128,0.570978,0.257082,0.0389914,0.751033,0.750689,0.339652,0.949184,0.428149,0.348681,0.403674,0.179747
926,1,5,0.917796,0.704913,0.666756,0.678905,0.471583,0.61211,0.779205,0.146232,0.640971,0.836825,0.0606104,0.425622,0.0956636,0.221469,0.0379169,0.0862661,0.456816,0.416719,0.825853,0.617973,0.313083,0.665378,0.38416,0.962737,0.909477,0.153148,0.836903,0.985774,0.665048,0.654676,0.266804,0.454229
927,4,1,0.0160588,0.69448,0.107011,0.348717,0.292596,0.884086,0.55179,0.666615,0.0640001,0.698837,0.136228,0.89639,0.181081,0.448416,0.631982,0.656904,0.61579,0.744689,0.550766,0.45394,0.250501,0.0834521,0.37112,0.77144,0.0966897,0.0478164,0.226461,0.717914,0.897705,0.910875,0.979692,0.346969
928,1,5,0.916823,0.232864,0.642742,0.562282,0.0331965,0.94266,0.996763,0.512283,0.0989523,0.112737,0.682642,0.627783,0.252836,0.732845,0.391981,0.393284,0.645934,0.721514,0.436487,0.324823,0.250546,0.78909,0.334446,0.341072,0.341548,0.256107,0.959324,0.879181,0.798613,0.548473,0.458549,0.285156
929,2,3,0.811016,0.690851,0.157182,0.2207,0.210462,0.614642,0.366013,0.870359,0.880348,0.696153,0.131787,0.244759,0.122234,0.648848,0.493975,0.619159,0.276411,0.820844,0.568728,0.178133,0.451637,0.699635,0.434959,0.0273707,0.111973,0.696175,0.14105,0.960437,0.821079,0.174388,0.885883,0.3113
930,2,3,0.11346,0.732395,0.0534167,0.344371,0.608298,0.664259,0.715353,0.899279,0.37281,0.726559,0.679676,0.711023,0.712959,0.381971,0.935342,0.911429,0.0648736,0.277323,0.192292,0.20528,0.068526,0.364224,0.867994,0.650156,0.792587,0.861678,0.574642,0.132079,0.0836634,0.813802,0.273312,0.812823
931,2,2,0.560743,0.760648,0.258044,0.181881,0.0729599,0.169586,0.730762,0.8628,0.29908,0.498148,0.452374,0.245937,0.127667,0.68873,0.802548,0.891875,0.565532,0.632323,0.901586,0.347345,0.495472,0.483238,0.941426,0.752269,0.891868,0.0675012,0.57646,0.217165,0.933893,0.462583,0.323089,0.604241
932,1,2,0.045478,0.298391,0.589201,0.0413842,0.721924,0.0326018,0.773519,0.278695,0.149816,0.530506,0.444159,0.556372,0.176863,0.494027,0.662127,0.409881,0.157946,0.252292,0.904164,0.400694,0.230635,0.13876,0.291402,0.115259,0.850906,0.299943,0.458468,0.995349,0.0239959,0.326497,0.494586,0.936456
933,1,2,0.985345,0.43901,0.588112,0.797063,0.256533,0.0936383,0.563718,0.182313,0.0768671,0.97384,0.799891,0.505917,0.925328,0.0443097,0.874444,0.0473807,0.341758,0.907241,0.325768,0.873365,0.0350876,0.458399,0.6514,0.163222,0.534905,0.830285,0.459346,0.3246,0.907631,0.419058,0.167879,0.682476
934,2,4,0.0733164,0.62867,0.223371,0.885283,0.0332855,0.797373,0.502844,0.381611,0.31409,0.287937,0.180483,0.28551,0.750084,0.348591,0.204451,0.493517,0.687605,0.416597,0.349265,0.133004,0.511828,0.163456,0.933867,0.34293,0.0373516,0.562064,0.500265,0.592664,0.854423,0.486207,0.587974,0.738776
935,4,1,0.397681,0.427627,0.680266,0.124441,0.890812,0.530175,0.0410664,0.381469,0.0715388,0.137923,0.325052,0.981817,0.23278,0.369755,0.264931,0.625798,0.22127,0.490129,0.195825,0.142828,0.130624,0.0555436,0.933954,0.625769,0.144189,0.247022,0.204404,0.243654,0.246266,0.956976,0.933015,0.461773
936,2,5,0.789699,0.339843,0.104758,0.584492,0.83631,0.328567,0.408193,0.026852,0.262823,0.444311,0.57575,0.105906,0.822183,0.61916,0.778652,0.619587,0.889997,0.0377591,0.928132,0.290666,0.238122,0.413686,0.423858,0.550264,0.0146285,0.296063,0.879322,0.287747,0.154572,0.983015,0.861475,0.0418628
937,3,1,0.368134,0.0477519,0.0391323,0.288341,0.326879,0.493691,0.888364,0.143298,0.0255474,0.134846,0.406327,0.256313,0.0313996,0.973507,0.370923,0.380117,0.172641,0.565995,0.252218,0.704291,0.877598,0.742222,0.436049,0.688041,0.273798,0.336928,0.589338,0.111728,0.142107,0.281716,0.259392,0.210295
938,3,1,0.237523,0.0244967,0.679128,0.935726,0.491491,0.921034,0.771989,0.050417,0.948245,0.173085,0.115805,0.1395,0.334665,0.281223,0.319549,0.204069,0.151183,0.945854,0.810303,0.0841704,0.759879,0.211671,0.484425,0.0807233,0.537771,0.980385,0.0595441,0.918414,0.555507,0.716632,0.791342,0.425973
939,1,5,0.265306,0.22149,0.667548,0.44304,0.361488,0.768223,0.544873,0.264729,0.487565,0.310792,0.381175,0.599944,0.718878,0.237729,0.883876,0.584219,0.00521252,0.387131,0.933617,0.0343682,0.511515,0.402701,0.700732,0.919525,0.855625,0.293112,0.467104,0.322832,0.834974,0.0659409,0.17762,0.615047
940,3,3,0.657471,0.352923,0.870143,0.240246,0.892426,0.956612,0.64374,0.745073,0.525489,0.567164,0.331393,0.305531,0.98,0.220798,0.319696,0.715744,0.744186,0.521789,0.531982,0.5206,0.608512,0.0737098,0.393481,0.512194,0.964823,0.822744,0.571682,0.946799,0.937788,0.106682,0.00759142,0.631165
941,5,3,0.717187,0.890312,0.74508,0.751244,0.904977,0.965262,0.00440161,0.960033,0.000330163,0.225685,0.472263,0.725351,0.0292937,0.530523,0.974533,0.214602,0.222065,0.194869,0.472665,0.0810843,0.0611376,0.795545,0.522048,0.324505,0.379956,0.856969,0.04466,0.608315,0.335124,0.673633,0.391436,0.291674
942,3,5,0.207886,0.412318,0.54478,0.235689,0.987316,0.832512,0.792019,0.622084,0.993367,0.037432,0.968298,0.819917,0.48954,0.106038,0.696376,0.403696,0.110443,0.571257,0.441149,0.00765124,0.809019,0.652908,0.505335,0.659703,0.702699,0.652526,0.745751,0.163468,0.253469,0.255732,0.875699,0.247376
943,1,2,0.210185,0.0675282,0.865416,0.428762,0.417819,0.871254,0.750312,0.769466,0.548033,0.822442,0.381872,0.972294,0.809876,0.387262,0.58447,0.309655,0.390562,0.0306595,0.109598,0.150019,0.895445,0.562015,0.0354696,0.157661,0.863187,0.736305,0.359962,0.0372326,0.639339,0.259488,0.9222,0.695453
944,1,3,0.566951,0.72876,0.764433,0.995864,0.757584,0.797084,0.525632,0.341835,0.624739,0.900592,0.757527,0.0511797,0.841028,0.725007,0.761813,0.0233223,0.354005,0.174555,0.996726,0.987586,0.434503,0.360885,0.0244647,0.820499,0.362617,0.376087,0.127783,0.840028,0.121443,0.96544,0.281535,0.435536
945,2,1,0.688512,0.62864,0.0739889,0.934835,0.20329,0.256744,0.0928997,0.611249,0.0631677,0.32472,0.267752,0.216933,0.571899,0.0849203,0.964686,0.620711,0.875557,0.882086,0.875934,0.351393,0.176067,0.552669,0.264907,0.642134,0.0763933,0.41465,0.778468,0.903348,0.0698163,0.362755,0.556696,0.125011
946,3,3,0.243446,0.890858,0.990725,0.988008,0.75678,0.288938,0.836939,0.143603,0.571983,0.482212,0.871014,0.709528,0.645491,0.612403,0.946174,0.951108,0.281339,0.817778,0.59532,0.868972,0.690131,0.541667,0.392937,0.327275,0.879708,0.701736,0.979803,0.439053,0.493769,0.287754,0.390641,0.152271
947,5,2,0.852737,0.594254,0.645468,0.568786,0.0447724,0.116548,0.54217,0.569987,0.0173001,0.168414,0.778535,0.663714,0.328312,0.429384,0.472007,0.848789,0.798678,0.778266,0.0464488,0.724382,0.158542,0.700737,0.39796,0.560488,0.229925,0.0611136,0.337901,0.65549,0.998175,0.466922,0.825414,0.469555
948,5,5,0.937055,0.929071,0.340936,0.249451,0.297077,0.316594,0.234062,0.963041,0.830117,0.810154,0.679552,0.0140864,0.236172,0.906108,0.376994,0.226647,0.506712,0.705933,0.52814,0.553073,0.888728,0.536812,0.380566,0.717921,0.908524,0.207181,0.441368,0.159025,0.746373,0.651913,0.930254,0.290579
949,5,5,0.0569529,0.451512,0.205704,0.111597,0.476905,0.685815,0.431554,0.306159,0.640892,0.148587,0.944709,0.422823,0.112405,0.964222,0.451859,0.411431,0.192411,0.347334,0.894108,0.444509,0.96458,0.0121157,0.478702,0.133102,0.10401,0.849675,0.785295,0.978034,0.697141,0.157941,0.354671,0.535518
950,3,2,0.975832,0.156581,0.557854,0.18631,0.565728,0.926816,0.297514,0.705688,0.584506,0.151967,0.439642,0.393493,0.302191,0.0562699,0.0671852,0.432672,0.252708,0.777901,0.197855,0.553972,0.542042,0.647442,0.60167,0.32682,0.608572,0.161396,0.388181,0.0131167,0.42123,0.821312,0.834238,0.636655
951,2,5,0.987773,0.418434,0.439617,0.801443,0.649581,0.5387,0.050363,0.30016,0.65334,0.267185,0.851426,0.217614,0.942458,0.82373,0.997321,0.58186,0.282179,0.709157,0.57537,0.86012,0.450718,0.986862,0.563818,0.249484,0.157453,0.180902,0.85615,0.461998,0.909569,0.0350713,0.449662,0.791718
952,4,5,0.140833,0.68604,0.683765,0.267995,0.312232,0.123155,0.909539,0.382144,0.671012,0.833336,0.645685,0.347828,0.559402,0.0342546,0.0457763,0.27428,0.931922,0.989946,0.627937,0.676669,0.994062,0.900855,0.537356,0.774865,0.710111,0.539706,0.0562096,0.148689,0.631736,0.348644,0.76465,0.58374
953,4,3,0.770112,0.268675,0.226283,0.121227,0.975398,0.558832,0.995182,0.176501,0.0755959,0.610362,0.936446,0.263521,0.289449,0.230963,0.689284,0.399181,0.338111,0.593192,0.967754,0.545318,0.101504,0.244734,0.497747,0.891117,0.428048,0.109882,0.326023,0.0394676,0.645534,0.602706,0.131056,0.123407
954,4,2,0.980592,0.951773,0.804559,0.69858,0.860017,0.617457,0.359637,0.574805,0.324887,0.179539,0.517048,0.432648,0.0457266,0.342524,0.945358,0.953074,0.143785,0.24232,0.903013,0.471516,0.0835822,0.938079,0.822625,0.789181,0.151963,0.964515,0.0381316,0.60833,0.719489,0.333787,0.280265,0.82665
955,3,3,0.555085,0.164773,0.108807,0.706289,0.93213,0.638956,0.452314,0.878949,0.734447,0.961925,0.501021,0.857198,0.604361,0.0600218,0.302774,0.664513,0.20036,0.784732,0.54257,0.981929,0.440219,0.374661,0.390113,0.169882,0.672567,0.852933,0.690507,0.317467,0.0459201,0.598202,0.338744,0.389895
956,4,5,0.0968922,0.732464,0.235901,0.361475,0.0516418,0.693075,0.996242,0.0143285,0.736557,0.324647,0.0874502,0.319044,0.0202494,0.748835,0.719288,0.314557,0.439192,0.633327,0.786797,0.688524,0.923476,0.658426,0.5993,0.603294,0.187108,0.413617,0.782194,0.373305,0.955812,0.564584,0.580231,0.0637031
957,4,5,0.337475,0.825315,0.381528,0.346385,0.734654,0.566819,0.927771,0.932228,0.628988,0.271637,0.789848,0.742455,0.171635,0.0827318,0.211959,0.523372,0.532035,0.883969,0.176554,0.551709,0.634995,0.616253,0.291653,0.907639,0.791533,0.715361,0.80811,0.69587,0.463787,0.586384,0.180811,0.632989
958,2,1,0.992787,0.979233,0.622591,0.795325,0.0357747,0.707537,0.017294,0.135545,0.320362,0.81708,0.195784,0.735994,0.813051,0.770432,0.844806,0.231096,0.258619,0.903444,0.325645,0.0972814,0.236247,0.253612,0.908383,0.663023,0.502649,0.673714,0.656137,0.313325,0.415482,0.70152,0.631014,0.387931
959,3,5,0.339678,0.162606,0.63448,0.882618,0.591062,0.222694,0.293528,0.11291,0.149348,0.682201,0.368577,0.440706,0.415198,0.796591,0.628684,0.861445,0.914529,0.845989,0.0361848,0.313009,0.243661,0.505546,0.193716,0.650142,0.502294,0.321983,0.429701,0.0410993,0.729038,0.495664,0.242416,0.0128183
960,2,5,0.883857,0.796684,0.910678,0.19201,0.958785,0.287572,0.773261,0.982839,0.905988,0.373549,0.234531,0.783722,0.197581,0.446815,0.00648808,0.864096,0.706844,0.703754,0.937467,0.0229101,0.186935,0.29439,0.636944,0.557992,0.74646,0.926174,0.927614,0.10203,0.64686,0.601163,0.970294,0.302177
961,5,3,0.349929,0.76517,0.543012,0.369703,0.383502,0.167103,0.00142573,0.011498,0.731772,0.621134,0.751717,0.406124,0.746975,0.314756,0.345021,0.985502,0.522289,0.466142,0.359974,0.749839,0.0160364,0.177412,0.562449,0.0134553,0.123761,0.417563,0.0800413,0.665665,0.755499,0.506599,0.0095062,0.890466
962,3,2,0.515255,0.311003,0.983016,0.916049,0.0579976,0.406802,0.58353,0.269648,0.349327,0.0976611,0.843482,0.79331,0.361223,0.825091,0.260488,0.0332978,0.857553,0.358646,0.374653,0.749876,0.0168333,0.946382,0.390289,0.377818,0.654522,0.872053,0.25436,0.39372,0.431988,0.179495,0.0567151,0.00344614
963,4,2,0.756295,0.378475,0.413313,0.945118,0.420233,0.20607,0.0882825,0.382231,0.201941,0.0251541,0.154675,0.76354,0.481688,0.915141,0.529256,0.237821,0.94894,0.428995,0.0732315,0.122113,0.599868,0.456835,0.526499,0.133342,0.516233,0.523349,0.873159,0.734622,0.205538,0.553343,0.0407733,0.24522
964,5,5,0.345157,0.638573,0.0175899,0.589755,0.251374,0.136775,0.309327,0.844949,0.616838,0.475189,0.172586,0.162369,0.413054,0.122827,0.482475,0.965552,0.459237,0.281535,0.973941,0.908594,0.0455042,0.410585,0.950968,0.385921,0.581937,0.700929,0.795728,0.00988329,0.430393,0.33809,0.453838,0.302646
965,2,3,0.895935,0.529124,0.238689,0.36457,0.199242,0.266079,0.496235,0.59051,0.900277,0.151673,0.322355,0.246205,0.652015,0.293612,0.708152,0.607909,0.778675,0.373255,0.563924,0.505783,0.402455,0.650438,0.967016,0.956272,0.611331,0.764837,0.728565,0.405257,0.344983,0.748275,0.669949,0.949694
966,4,2,0.245097,0.410497,0.714722,0.0780187,0.521395,0.89237,0.683277,0.246434,0.269439,0.0639579,0.598723,0.537203,0.443934,0.8459,0.59696,0.406635,0.29088,0.783067,0.715451,0.836396,0.805929,0.454404,0.259916,0.590955,0.300621,0.533912,0.661154,0.939196,0.695585,0.725506,0.7041,0.925343
967,5,5,0.392808,0.310237,0.394854,0.0709135,0.254818,0.499908,0.156834,0.873924,0.692577,0.326847,0.0931888,0.128282,0.937792,0.0684462,0.826686,0.4475,0.857506,0.164022,0.906669,0.346104,0.408605,0.81998,0.846701,0.384047,0.158061,0.609871,0.0216418,0.50216,0.784891,0.718533,0.0747966,0.156165
968,2,4,0.674796,0.643633,0.75345,0.270954,0.245804,0.123254,0.673865,0.149726,0.0432199,0.782663,0.837826,0.58811,0.169624,0.380758,0.697358,0.332901,0.22448,0.855758,0.0684532,0.874763,0.481494,0.581262,0.169286,0.524544,0.729444,0.816448,0.237566,0.749335,0.342473,0.400325,0.567439,0.0827387
969,2,1,0.377988,0.168701,0.815622,0.0163769,0.17921,0.843303,0.0822016,0.578254,0.328358,0.891666,0.424377,0.484588,0.542659,0.926481,0.372424,0.353972,0.789912,0.724522,0.0393195,0.300986,0.431768,0.00116367,0.382256,0.379745,0.647578,0.737765,0.966276,0.150024,0.510375,0.504802,0.986877,0.212321
970,3,5,0.0308681,0.617452,0.165663,0.951968,0.395125,0.310704,0.316334,0.580646,0.0970541,0.953603,0.43266,0.650483,0.338116,0.673113,0.122619,0.178929,0.296117,0.49261,0.886436,0.367083,0.302049,0.470957,0.713955,0.800827,0.612047,0.460699,0.427181,0.0628507,0.239026,0.905542,0.369015,0.544816
971,3,3,0.350753,0.572354,0.214896,0.0696363,0.116463,0.552869,0.879767,0.575739,0.440313,0.21434,0.625208,0.471029,0.49041,0.459442,0.872567,0.622876,0.546935,0.259614,0.480781,0.581748,0.924601,0.240952,0.71969,0.446445,0.11155,0.122706,0.177704,0.0373005,0.787123,0.320587,0.835851,0.274572
972,1,3,0.554455,0.961983,0.631933,0.522229,0.439116,0.553177,0.680199,0.941601,0.108481,0.921147,0.961279,0.884112,0.750155,0.0979947,0.631174,0.634297,0.316322,0.808099,0.160955,0.835575,0.409343,0.577907,0.661577,0.0174956,0.63371,0.973713,0.382641,0.472197,0.613286,0.393596,0.813748,0.394949
973,3,1,0.450621,0.242181,0.758555,0.327334,0.546144,0.985358,0.651476,0.368168,0.516676,0.526725,0.991875,0.848294,0.0546215,0.527428,0.491045,0.324453,0.0914165,0.523751,0.159786,0.114086,0.383038,0.130007,0.15554,0.694108,0.963687,0.917461,0.94679,0.725678,0.33611,0.0746132,0.639748,0.402896
974,1,1,0.815587,0.511207,0.627446,0.193204,0.000252448,0.868147,0.763174,0.104335,0.746848,0.0014334,0.509723,0.451146,0.902919,0.155433,0.908446,0.737986,0.523912,0.919935,0.607988,0.041938,0.996522,0.395582,0.29882,0.996815,0.324617,0.732672,0.182774,0.953188,0.895867,0.164083,0.744488,0.221369
975,5,5,0.981767,0.302369,0.730962,0.724384,0.850522,0.164947,0.0481508,0.524234,0.504961,0.26921,0.698598,0.829196,0.542947,0.0065924,0.666647,0.223115,0.817874,0.605241,0.374337,0.0967105,0.848669,0.466312,0.162916,0.436207,0.270886,0.852523,0.0433456,0.625397,0.364427,0.639702,0.37991,0.951808
976,2,3,0.653131,0.653395,0.436723,0.522001,0.652114,0.60792,0.0527833,0.382444,0.180272,0.987457,0.626948,0.705021,0.641367,0.291007,0.774135,0.0577663,0.403,0.0447219,0.722554,0.204913,0.68398,0.232913,0.963393,0.415045,0.21513,0.214846,0.55168,0.63091,0.601764,0.211255,0.998648,0.187877
977,3,1,0.523218,0.888669,0.346185,0.468305,0.525893,0.413849,0.232129,0.578095,0.0476124,0.257214,0.572565,0.353437,0.335854,0.213835,0.181941,0.57181,0.323936,0.697388,0.0492802,0.673699,0.950442,0.254818,0.581148,0.779648,0.814769,0.255954,0.423118,0.150312,0.903315,0.349809,0.483318,0.597744
978,5,3,0.491794,0.648087,0.733278,0.863068,0.566656,0.293141,0.271599,0.450207,0.14554,0.22831,0.606124,0.361262,0.48918,0.0219706,0.0959757,0.953769,0.395617,0.41589,0.514776,0.78887,0.826893,0.142643,0.0761011,0.812355,0.348495,0.860147,0.822656,0.715477,0.648424,0.903208,0.289958,0.167197
979,1,1,0.493294,0.62011,0.498352,0.596193,0.976587,0.861041,0.947116,0.215691,0.358533,0.175644,0.140579,0.253379,0.325667,0.89155,0.0304833,0.941027,0.0207679,0.56963,0.395522,0.501372,0.94102,0.605386,0.871357,0.616308,0.511443,0.170305,0.565226,0.686411,0.00593349,0.452351,0.215501,0.517382
980,4,5,0.75454,0.764557,0.145646,0.835428,0.869047,0.619422,0.643324,0.748724,0.229419,0.522706,0.15772,0.618353,0.627625,0.394572,0.900837,0.791874,0.71836,0.468271,0.348547,0.680213,0.587384,0.621429,0.310762,0.702314,0.99915,0.785216,0.748839,0.512713,0.614382,0.813066,0.423259,0.497257
981,1,2,0.341616,0.752672,0.0288648,0.171142,0.395089,0.829584,0.930481,0.551588,0.626301,0.984461,0.0839557,0.718819,0.884994,0.0843907,0.268875,0.39496,0.243769,0.517275,0.297091,0.839014,0.577202,0.729346,0.544688,0.36936,0.491414,0.653433,0.717537,0.576911,0.316538,0.126053,0.782064,0.234859
982,4,4,0.782621,0.195483,0.66381,0.150134,0.683208,0.0581978,0.481553,0.873103,0.667002,0.288943,0.079797,0.290321,0.851551,0.206228,0.0555472,0.475397,0.148742,0.514242,0.57679,0.208281,0.739411,0.60857,0.0762516,0.723,0.920765,0.37384,0.973608,0.585452,0.60595,0.502302,0.481243,0.195548
983,1,4,0.328357,0.801453,0.493264,0.648793,0.916151,0.323896,0.955655,0.926793,0.927069,0.455358,0.262448,0.265878,0.232469,0.408235,0.297664,0.692075,0.441311,0.845932,0.314167,0.356575,0.374213,0.232624,0.620637,0.626493,0.762526,0.921215,0.735558,0.183293,0.814424,0.803019,0.0321844,0.476607
984,2,5,0.789383,0.505541,0.533079,0.377328,0.578141,0.696741,0.0525869,0.900627,0.255314,0.320252,0.638354,0.460748,0.859182,0.229401,0.916983,0.183409,0.500419,0.77789,0.545474,0.200664,0.83305,0.793318,0.537625,0.429217,0.516859,0.995049,0.905084,0.197341,0.789933,0.092978,0.909073,0.0754331
985,5,4,0.524375,0.437776,0.842472,0.00312435,0.111148,0.874771,0.794662,0.876921,0.182973,0.806417,0.808119,0.248318,0.612001,0.372753,0.193236,0.744926,0.473354,0.489353,0.681905,0.153827,0.633853,0.242798,0.427247,0.97259,0.899367,0.151013,0.519263,0.726081,0.505867,0.478018,0.0622506,0.748602
986,3,5,0.177117,0.439167,0.528345,0.353911,0.803568,0.754359,0.215453,0.323141,0.527373,0.787771,0.240685,0.679843,0.759695,0.577669,0.564341,0.368801,0.855976,0.205081,0.894558,0.71042,0.648733,0.0913492,0.725391,0.970542,0.54922,0.978748,0.384429,0.130223,0.648118,0.103935,0.908289,0.412717
987,1,2,0.31441,0.400311,0.388437,0.363802,0.435398,0.703585,0.073561,0.178731,0.498442,0.363323,0.494314,0.291307,0.588444,0.601535,0.36282,0.162753,0.613108,0.548701,0.878216,0.857547,0.955471,0.514171,0.583612,0.683497,0.042591,0.075248,0.969236,0.449006,0.705862,0.0948932,0.335964,0.599462
988,5,4,0.143419,0.287266,0.167744,0.0767667,0.0455725,0.310238,0.902154,0.506677,0.540768,0.58466,0.699959,0.0666655,0.828108,0.651459,0.791541,0.488876,0.882606,0.536908,0.967255,0.832797,0.439071,0.342226,0.950335,0.174051,0.72329,0.55181,0.0706682,0.945022,0.681783,0.51787,0.686717,0.831912
989,3,5,0.372932,0.518331,0.584912,0.647555,0.0121876,0.40668,0.332075,0.530629,0.0622437,0.507286,0.521873,0.70911,0.817448,0.409981,0.206443,0.0997671,0.527441,0.78871,0.204009,0.684853,0.120688,0.950123,0.510997,0.428716,0.0791486,0.0782057,0.587355,0.121619,0.0313375,0.77332,0.106715,0.0677573
990,5,1,0.591407,0.28165,0.0289869,0.898879,0.573377,0.773507,0.838503,0.871201,0.722316,0.21404,0.131185,0.595693,0.592475,0.0935891,0.672252,0.202281,0.0372312,0.309902,0.855348,0.740813,0.906267,0.0247144,0.850452,0.903117,0.824631,0.0708035,0.744965,0.37649,0.633432,0.0810896,0.678627,0.768968
991,3,2,0.662498,0.884757,0.327727,0.530222,0.375961,0.948473,0.897057,0.290361,0.0171221,0.454316,0.698821,0.694247,0.954778,0.831913,0.706228,0.421357,0.993912,0.892433,0.687545,0.117987,0.034363,0.708685,0.82701,0.348199,0.28463,0.101335,0.446057,0.386665,0.312092,0.880216,0.268554,0.980534
992,3,5,0.378751,0.886416,0.633339,0.509654,0.813151,0.717015,0.297089,0.0453714,0.213721,0.557312,0.666895,0.0701619,0.67032,0.268618,0.901131,0.566814,0.0159457,0.807164,0.853041,0.560894,0.521002,0.936192,0.621302,0.810333,0.0913714,0.15624,0.432615,0.388958,0.227302,0.668485,0.254225,0.938406
993,2,4,0.812456,0.763186,0.743781,0.573769,0.591,0.75661,0.539418,0.273236,0.427306,0.283603,0.97271,0.654349,0.560193,0.871836,0.253966,0.969809,0.230091,0.341335,0.611353,0.796554,0.522828,0.851531,0.0076978,0.623173,0.830065,0.347592,0.704122,0.619089,0.661829,0.584449,0.0687807,0.606525
994,1,1,0.935382,0.847058,0.862589,0.170082,0.285543,0.367294,0.157059,0.586002,0.449088,0.283328,0.35583,0.978153,0.682226,0.26315,0.966435,0.469629,0.363001,0.877365,0.0622242,0.0800637,0.897614,0.820688,0.0379497,0.571008,0.952766,0.031802,0.664579,0.902913,0.941689,0.0391968,0.19966,0.515218
995,2,2,0.48821,0.0712001,0.450623,0.887204,0.331492,0.765826,0.957657,0.196941,0.822584,0.620468,0.661582,0.79468,0.162858,0.889591,0.734323,0.468307,0.727012,0.8975,0.425068,0.50785,0.924786,0.688228,0.166978,0.979029,0.267338,0.235952,0.0632243,0.168521,0.795451,0.342019,0.621759,0.164399
996,1,5,0.163814,0.742985,0.0401478,0.477524,0.166746,0.375041,0.453285,0.368724,0.247177,0.19453,0.258982,0.447411,0.875576,0.624636,0.515138,0.139155,0.729252,0.972813,0.0357109,0.443281,0.365163,0.947961,0.479169,0.134659,0.186417,0.767216,0.120192,0.617638,0.870304,0.820064,0.939432,0.600678
997,4,4,0.349019,0.626932,0.958286,0.784604,0.0831617,0.877582,0.643641,0.714583,0.972221,0.524237,0.978224,0.272817,0.471223,0.854493,0.162749,0.480578,0.202084,0.620708,0.889601,0.0792265,0.911683,0.497351,0.60788,0.698158,0.766176,0.584072,0.739931,0.448555,0.661822,0.223427,0.827277,0.30967
998,5,2,0.534002,0.224191,0.236956,0.621727,0.743888,0.589738,0.473438,0.970417,0.294792,0.0607818,0.801946,0.108123,0.696714,0.506083,0.93734,0.52711,0.165442,0.0399277,0.649189,0.825855,0.244239,0.494723,0.903583,0.346644,0.0994994,0.318854,0.656162,0.861407,0.791086,0.196733,0.354918,0.160418
999,1,3,0.850731,0.625023,0.294618,0.810931,0.0075411,0.330979,0.296657,0.173462,0.28131,0.209194,0.889965,0.619184,0.967121,0.246035,0.07044,0.87728,0.471295,0.103891,0.548332,0.0323685,0.0929117,0.0883783,0.377498,0.845643,0.317082,0.65123,0.536056,0.957745,0.661191,0.336297,0.703485,0.212678
